n,B,trial,greedy_score,beam_score
5,1,0,2.57355890427126,2.57355890427126
5,2,0,2.57355890427126,3.41334626315636
5,3,0,2.57355890427126,3.41334626315636
5,4,0,2.57355890427126,3.41334626315636
5,5,0,2.57355890427126,3.75255919753264
5,6,0,2.57355890427126,3.76722555434123
5,7,0,2.57355890427126,3.76722555434123
5,8,0,2.57355890427126,3.76722555434123
5,9,0,2.57355890427126,3.76722555434123
5,10,0,2.57355890427126,3.76722555434123
5,1,1,2.93264091606252,2.93264091606252
5,2,1,2.93264091606252,2.95235515439847
5,3,1,2.93264091606252,2.95235515439847
5,4,1,2.93264091606252,2.95235515439847
5,5,1,2.93264091606252,2.9875328475477
5,6,1,2.93264091606252,2.9875328475477
5,7,1,2.93264091606252,2.9875328475477
5,8,1,2.93264091606252,2.9875328475477
5,9,1,2.93264091606252,2.9875328475477
5,10,1,2.93264091606252,2.9875328475477
5,1,2,3.95370510668463,3.95370510668463
5,2,2,3.95370510668463,3.95370510668463
5,3,2,3.95370510668463,3.95370510668463
5,4,2,3.95370510668463,3.95370510668463
5,5,2,3.95370510668463,3.95370510668463
5,6,2,3.95370510668463,3.95785360326647
5,7,2,3.95370510668463,3.95785360326647
5,8,2,3.95370510668463,3.95785360326647
5,9,2,3.95370510668463,3.95785360326647
5,10,2,3.95370510668463,3.95785360326647
5,1,3,3.46499597156321,3.46499597156321
5,2,3,3.46499597156321,3.46499597156321
5,3,3,3.46499597156321,3.46499597156321
5,4,3,3.46499597156321,3.46499597156321
5,5,3,3.46499597156321,3.46499597156321
5,6,3,3.46499597156321,3.46499597156321
5,7,3,3.46499597156321,3.46499597156321
5,8,3,3.46499597156321,3.46499597156321
5,9,3,3.46499597156321,3.46499597156321
5,10,3,3.46499597156321,3.46499597156321
5,1,4,2.60377348359767,2.60377348359767
5,2,4,2.60377348359767,2.60377348359767
5,3,4,2.60377348359767,2.60377348359767
5,4,4,2.60377348359767,2.60377348359767
5,5,4,2.60377348359767,2.60377348359767
5,6,4,2.60377348359767,2.60377348359767
5,7,4,2.60377348359767,3.20316531439091
5,8,4,2.60377348359767,3.20316531439091
5,9,4,2.60377348359767,3.20316531439091
5,10,4,2.60377348359767,3.20316531439091
5,1,5,3.18904921626495,3.18904921626495
5,2,5,3.18904921626495,3.64911666862234
5,3,5,3.18904921626495,3.65748572846735
5,4,5,3.18904921626495,3.65748572846735
5,5,5,3.18904921626495,3.65748572846735
5,6,5,3.18904921626495,3.65748572846735
5,7,5,3.18904921626495,3.65748572846735
5,8,5,3.18904921626495,4.11176013371978
5,9,5,3.18904921626495,4.11176013371978
5,10,5,3.18904921626495,4.11176013371978
5,1,6,2.40970897748153,2.40970897748153
5,2,6,2.40970897748153,3.46470037056875
5,3,6,2.40970897748153,3.46470037056875
5,4,6,2.40970897748153,3.46470037056875
5,5,6,2.40970897748153,3.46470037056875
5,6,6,2.40970897748153,3.46470037056875
5,7,6,2.40970897748153,3.46470037056875
5,8,6,2.40970897748153,3.46470037056875
5,9,6,2.40970897748153,3.46470037056875
5,10,6,2.40970897748153,3.46470037056875
5,1,7,3.41992222730138,3.41992222730138
5,2,7,3.41992222730138,3.41992222730138
5,3,7,3.41992222730138,3.41992222730138
5,4,7,3.41992222730138,3.41992222730138
5,5,7,3.41992222730138,3.41992222730138
5,6,7,3.41992222730138,3.41992222730138
5,7,7,3.41992222730138,3.41992222730138
5,8,7,3.41992222730138,3.41992222730138
5,9,7,3.41992222730138,3.41992222730138
5,10,7,3.41992222730138,3.41992222730138
5,1,8,4.31671244911292,4.31671244911292
5,2,8,4.31671244911292,4.31671244911292
5,3,8,4.31671244911292,4.31671244911292
5,4,8,4.31671244911292,4.31671244911292
5,5,8,4.31671244911292,4.31671244911292
5,6,8,4.31671244911292,4.31671244911292
5,7,8,4.31671244911292,4.31671244911292
5,8,8,4.31671244911292,4.31671244911292
5,9,8,4.31671244911292,4.31671244911292
5,10,8,4.31671244911292,4.31671244911292
5,1,9,3.3939715665607,3.3939715665607
5,2,9,3.3939715665607,3.75936841168799
5,3,9,3.3939715665607,3.75936841168799
5,4,9,3.3939715665607,3.75936841168799
5,5,9,3.3939715665607,3.75936841168799
5,6,9,3.3939715665607,3.75936841168799
5,7,9,3.3939715665607,3.75936841168799
5,8,9,3.3939715665607,3.75936841168799
5,9,9,3.3939715665607,3.75936841168799
5,10,9,3.3939715665607,3.75936841168799
5,1,10,3.47390577697527,3.47390577697527
5,2,10,3.47390577697527,3.49999205565675
5,3,10,3.47390577697527,3.49999205565675
5,4,10,3.47390577697527,3.49999205565675
5,5,10,3.47390577697527,3.49999205565675
5,6,10,3.47390577697527,3.49999205565675
5,7,10,3.47390577697527,3.49999205565675
5,8,10,3.47390577697527,3.49999205565675
5,9,10,3.47390577697527,4.28909557292825
5,10,10,3.47390577697527,4.28909557292825
5,1,11,2.90029115218271,2.90029115218271
5,2,11,2.90029115218271,2.90029115218271
5,3,11,2.90029115218271,2.90029115218271
5,4,11,2.90029115218271,2.90029115218271
5,5,11,2.90029115218271,2.90029115218271
5,6,11,2.90029115218271,2.90029115218271
5,7,11,2.90029115218271,3.37727817523138
5,8,11,2.90029115218271,3.37727817523138
5,9,11,2.90029115218271,3.38726630921572
5,10,11,2.90029115218271,3.38726630921572
5,1,12,2.56673018024517,2.56673018024517
5,2,12,2.56673018024517,2.59406467421753
5,3,12,2.56673018024517,3.27528901777147
5,4,12,2.56673018024517,2.59406467421753
5,5,12,2.56673018024517,3.27528901777147
5,6,12,2.56673018024517,3.27528901777147
5,7,12,2.56673018024517,3.27528901777147
5,8,12,2.56673018024517,3.27528901777147
5,9,12,2.56673018024517,3.27528901777147
5,10,12,2.56673018024517,3.27528901777147
5,1,13,4.18174773799047,4.18174773799047
5,2,13,4.18174773799047,4.18174773799047
5,3,13,4.18174773799047,4.18174773799047
5,4,13,4.18174773799047,4.18174773799047
5,5,13,4.18174773799047,4.18174773799047
5,6,13,4.18174773799047,4.18174773799047
5,7,13,4.18174773799047,4.18174773799047
5,8,13,4.18174773799047,4.18174773799047
5,9,13,4.18174773799047,4.18174773799047
5,10,13,4.18174773799047,4.18174773799047
5,1,14,2.49073094281422,2.49073094281422
5,2,14,2.49073094281422,2.49073094281422
5,3,14,2.49073094281422,2.49073094281422
5,4,14,2.49073094281422,2.49073094281422
5,5,14,2.49073094281422,2.49073094281422
5,6,14,2.49073094281422,2.49073094281422
5,7,14,2.49073094281422,2.49073094281422
5,8,14,2.49073094281422,2.49073094281422
5,9,14,2.49073094281422,2.49073094281422
5,10,14,2.49073094281422,2.49073094281422
5,1,15,4.23319743174487,4.23319743174487
5,2,15,4.23319743174487,4.29765838665787
5,3,15,4.23319743174487,4.23319743174487
5,4,15,4.23319743174487,4.29765838665787
5,5,15,4.23319743174487,4.33589736784023
5,6,15,4.23319743174487,4.33589736784023
5,7,15,4.23319743174487,4.33589736784023
5,8,15,4.23319743174487,4.33589736784023
5,9,15,4.23319743174487,4.33589736784023
5,10,15,4.23319743174487,4.33589736784023
5,1,16,3.43185476969997,3.43185476969997
5,2,16,3.43185476969997,3.6076799999413
5,3,16,3.43185476969997,3.60847388011616
5,4,16,3.43185476969997,3.60847388011616
5,5,16,3.43185476969997,3.60847388011616
5,6,16,3.43185476969997,3.60847388011616
5,7,16,3.43185476969997,3.60847388011616
5,8,16,3.43185476969997,3.60847388011616
5,9,16,3.43185476969997,4.12818306382797
5,10,16,3.43185476969997,4.12818306382797
5,1,17,2.63512001398819,2.63512001398819
5,2,17,2.63512001398819,2.79147653300482
5,3,17,2.63512001398819,2.80096390092684
5,4,17,2.63512001398819,2.80096390092684
5,5,17,2.63512001398819,2.80096390092684
5,6,17,2.63512001398819,2.80096390092684
5,7,17,2.63512001398819,3.56675685216052
5,8,17,2.63512001398819,3.56675685216052
5,9,17,2.63512001398819,3.56675685216052
5,10,17,2.63512001398819,3.56675685216052
5,1,18,2.47621611531541,2.47621611531541
5,2,18,2.47621611531541,2.9964114701295
5,3,18,2.47621611531541,2.9964114701295
5,4,18,2.47621611531541,3.11647617121953
5,5,18,2.47621611531541,3.11647617121953
5,6,18,2.47621611531541,3.11647617121953
5,7,18,2.47621611531541,3.11647617121953
5,8,18,2.47621611531541,3.11647617121953
5,9,18,2.47621611531541,3.11647617121953
5,10,18,2.47621611531541,3.11647617121953
5,1,19,2.15924038178282,2.15924038178282
5,2,19,2.15924038178282,2.15924038178282
5,3,19,2.15924038178282,2.15924038178282
5,4,19,2.15924038178282,2.15924038178282
5,5,19,2.15924038178282,2.15924038178282
5,6,19,2.15924038178282,2.15924038178282
5,7,19,2.15924038178282,2.4505329032536
5,8,19,2.15924038178282,2.4505329032536
5,9,19,2.15924038178282,2.4505329032536
5,10,19,2.15924038178282,2.4505329032536
10,1,0,12.0535885640313,12.0535885640313
10,2,0,12.0535885640313,12.0535885640313
10,3,0,12.0535885640313,12.0535885640313
10,4,0,12.0535885640313,12.0535885640313
10,5,0,12.0535885640313,12.5738360725167
10,6,0,12.0535885640313,13.9271858045464
10,7,0,12.0535885640313,13.9271858045464
10,8,0,12.0535885640313,13.9271858045464
10,9,0,12.0535885640313,13.9271858045464
10,10,0,12.0535885640313,13.9271858045464
10,1,1,14.0682053403642,14.0682053403642
10,2,1,14.0682053403642,14.0682053403642
10,3,1,14.0682053403642,14.1412138270813
10,4,1,14.0682053403642,14.1412138270813
10,5,1,14.0682053403642,14.1899729386942
10,6,1,14.0682053403642,14.9487241762964
10,7,1,14.0682053403642,14.9487241762964
10,8,1,14.0682053403642,14.9487241762964
10,9,1,14.0682053403642,14.9487241762964
10,10,1,14.0682053403642,14.9487241762964
10,1,2,14.5454874986638,14.5454874986638
10,2,2,14.5454874986638,14.5454874986638
10,3,2,14.5454874986638,14.5454874986638
10,4,2,14.5454874986638,14.5454874986638
10,5,2,14.5454874986638,14.5454874986638
10,6,2,14.5454874986638,14.5454874986638
10,7,2,14.5454874986638,14.5454874986638
10,8,2,14.5454874986638,14.5454874986638
10,9,2,14.5454874986638,14.5454874986638
10,10,2,14.5454874986638,14.5454874986638
10,1,3,13.647843285584,13.647843285584
10,2,3,13.647843285584,13.8636490257499
10,3,3,13.647843285584,13.8890560036002
10,4,3,13.647843285584,13.8890560036002
10,5,3,13.647843285584,13.8890560036002
10,6,3,13.647843285584,13.8890560036002
10,7,3,13.647843285584,13.8890560036002
10,8,3,13.647843285584,14.8087792057339
10,9,3,13.647843285584,14.8087792057339
10,10,3,13.647843285584,14.8087792057339
10,1,4,11.8073541835147,11.8073541835147
10,2,4,11.8073541835147,13.1672836163756
10,3,4,11.8073541835147,13.1876057122732
10,4,4,11.8073541835147,13.1876057122732
10,5,4,11.8073541835147,13.1876057122732
10,6,4,11.8073541835147,13.4081700288885
10,7,4,11.8073541835147,13.4081700288885
10,8,4,11.8073541835147,13.4081700288885
10,9,4,11.8073541835147,13.4081700288885
10,10,4,11.8073541835147,13.4081700288885
10,1,5,12.0135135685368,12.0135135685368
10,2,5,12.0135135685368,12.2005661966965
10,3,5,12.0135135685368,12.2005661966965
10,4,5,12.0135135685368,12.2005661966965
10,5,5,12.0135135685368,12.2005661966965
10,6,5,12.0135135685368,12.2005661966965
10,7,5,12.0135135685368,12.2005661966965
10,8,5,12.0135135685368,12.2005661966965
10,9,5,12.0135135685368,12.2005661966965
10,10,5,12.0135135685368,12.2005661966965
10,1,6,11.287375366375,11.287375366375
10,2,6,11.287375366375,14.8529306069635
10,3,6,11.287375366375,14.8529306069635
10,4,6,11.287375366375,14.8529306069635
10,5,6,11.287375366375,14.8529306069635
10,6,6,11.287375366375,14.8529306069635
10,7,6,11.287375366375,14.8302485753004
10,8,6,11.287375366375,14.9600198840568
10,9,6,11.287375366375,14.9600198840568
10,10,6,11.287375366375,14.8302485753004
10,1,7,9.31969672912161,9.31969672912161
10,2,7,9.31969672912161,12.5692987679805
10,3,7,9.31969672912161,12.5692987679805
10,4,7,9.31969672912161,12.5692987679805
10,5,7,9.31969672912161,12.5692987679805
10,6,7,9.31969672912161,12.5692987679805
10,7,7,9.31969672912161,12.5692987679805
10,8,7,9.31969672912161,12.5692987679805
10,9,7,9.31969672912161,12.5692987679805
10,10,7,9.31969672912161,12.5692987679805
10,1,8,12.1226205620538,12.1226205620538
10,2,8,12.1226205620538,12.3527638141636
10,3,8,12.1226205620538,12.3527638141636
10,4,8,12.1226205620538,12.3527638141636
10,5,8,12.1226205620538,12.3527638141636
10,6,8,12.1226205620538,15.7575847270495
10,7,8,12.1226205620538,15.8499487038829
10,8,8,12.1226205620538,15.8499487038829
10,9,8,12.1226205620538,15.8499487038829
10,10,8,12.1226205620538,15.8499487038829
10,1,9,12.7279834814974,12.7279834814974
10,2,9,12.7279834814974,12.8454148009936
10,3,9,12.7279834814974,12.8454148009936
10,4,9,12.7279834814974,12.8454148009936
10,5,9,12.7279834814974,12.8454148009936
10,6,9,12.7279834814974,13.3638628785634
10,7,9,12.7279834814974,13.4743098209838
10,8,9,12.7279834814974,12.7279834814974
10,9,9,12.7279834814974,12.7279834814974
10,10,9,12.7279834814974,12.7279834814974
10,1,10,9.54404812505388,9.54404812505388
10,2,10,9.54404812505388,10.9551997968437
10,3,10,9.54404812505388,10.9551997968437
10,4,10,9.54404812505388,10.9551997968437
10,5,10,9.54404812505388,10.8095398277713
10,6,10,9.54404812505388,11.7832369632905
10,7,10,9.54404812505388,11.4909550813199
10,8,10,9.54404812505388,11.7832369632905
10,9,10,9.54404812505388,11.7832369632905
10,10,10,9.54404812505388,11.7832369632905
10,1,11,12.2331896523642,12.2331896523642
10,2,11,12.2331896523642,12.2331896523642
10,3,11,12.2331896523642,12.2982575112425
10,4,11,12.2331896523642,12.2982575112425
10,5,11,12.2331896523642,12.2982575112425
10,6,11,12.2331896523642,12.2982575112425
10,7,11,12.2331896523642,12.2331896523642
10,8,11,12.2331896523642,12.4233338997729
10,9,11,12.2331896523642,12.4233338997729
10,10,11,12.2331896523642,12.4233338997729
10,1,12,15.577497480385,15.577497480385
10,2,12,15.577497480385,15.577497480385
10,3,12,15.577497480385,15.577497480385
10,4,12,15.577497480385,15.577497480385
10,5,12,15.577497480385,15.577497480385
10,6,12,15.577497480385,15.577497480385
10,7,12,15.577497480385,15.577497480385
10,8,12,15.577497480385,15.577497480385
10,9,12,15.577497480385,15.577497480385
10,10,12,15.577497480385,15.577497480385
10,1,13,13.2742839492229,13.2742839492229
10,2,13,13.2742839492229,13.2742839492229
10,3,13,13.2742839492229,13.2742839492229
10,4,13,13.2742839492229,13.2742839492229
10,5,13,13.2742839492229,13.2742839492229
10,6,13,13.2742839492229,13.2742839492229
10,7,13,13.2742839492229,13.2742839492229
10,8,13,13.2742839492229,13.2742839492229
10,9,13,13.2742839492229,13.2742839492229
10,10,13,13.2742839492229,13.4691223496336
10,1,14,12.4006183212068,12.4006183212068
10,2,14,12.4006183212068,12.4006183212068
10,3,14,12.4006183212068,12.4006183212068
10,4,14,12.4006183212068,12.4006183212068
10,5,14,12.4006183212068,12.4006183212068
10,6,14,12.4006183212068,13.1313063165927
10,7,14,12.4006183212068,13.1313063165927
10,8,14,12.4006183212068,12.5440062937319
10,9,14,12.4006183212068,12.5440062937319
10,10,14,12.4006183212068,12.5440062937319
10,1,15,11.9001643135064,11.9001643135064
10,2,15,11.9001643135064,11.9001643135064
10,3,15,11.9001643135064,14.8483236310491
10,4,15,11.9001643135064,11.9001643135064
10,5,15,11.9001643135064,11.9001643135064
10,6,15,11.9001643135064,11.9001643135064
10,7,15,11.9001643135064,12.0078170149434
10,8,15,11.9001643135064,12.7130408806562
10,9,15,11.9001643135064,12.908696231681
10,10,15,11.9001643135064,12.908696231681
10,1,16,12.4491645903787,12.4491645903787
10,2,16,12.4491645903787,13.5306761647104
10,3,16,12.4491645903787,13.5643839569038
10,4,16,12.4491645903787,13.5643839569038
10,5,16,12.4491645903787,13.5643839569038
10,6,16,12.4491645903787,13.5323897244494
10,7,16,12.4491645903787,13.5323897244494
10,8,16,12.4491645903787,13.5323897244494
10,9,16,12.4491645903787,13.5323897244494
10,10,16,12.4491645903787,13.5323897244494
10,1,17,10.1447023145955,10.1447023145955
10,2,17,10.1447023145955,12.9817527952464
10,3,17,10.1447023145955,12.9817527952464
10,4,17,10.1447023145955,12.9817527952464
10,5,17,10.1447023145955,12.9817527952464
10,6,17,10.1447023145955,12.79523913189
10,7,17,10.1447023145955,12.886314660157
10,8,17,10.1447023145955,13.2241540996374
10,9,17,10.1447023145955,13.2241540996374
10,10,17,10.1447023145955,13.2241540996374
10,1,18,13.2986981973365,13.2986981973365
10,2,18,13.2986981973365,14.0442546761664
10,3,18,13.2986981973365,14.0733057553275
10,4,18,13.2986981973365,14.2586817757662
10,5,18,13.2986981973365,14.2586817757662
10,6,18,13.2986981973365,14.2586817757662
10,7,18,13.2986981973365,14.2586817757662
10,8,18,13.2986981973365,14.4492192383391
10,9,18,13.2986981973365,14.4772851532262
10,10,18,13.2986981973365,14.4772851532262
10,1,19,13.9499576323951,13.9499576323951
10,2,19,13.9499576323951,13.9499576323951
10,3,19,13.9499576323951,13.9499576323951
10,4,19,13.9499576323951,13.9499576323951
10,5,19,13.9499576323951,13.9499576323951
10,6,19,13.9499576323951,13.9499576323951
10,7,19,13.9499576323951,13.9499576323951
10,8,19,13.9499576323951,13.9499576323951
10,9,19,13.9499576323951,13.9499576323951
10,10,19,13.9499576323951,13.9499576323951
15,1,0,19.1088101444769,19.1088101444769
15,2,0,19.1088101444769,19.1088101444769
15,3,0,19.1088101444769,19.6651357490362
15,4,0,19.1088101444769,23.0140533918707
15,5,0,19.1088101444769,23.0308820559451
15,6,0,19.1088101444769,23.0140533918707
15,7,0,19.1088101444769,21.5634269951027
15,8,0,19.1088101444769,21.5634269951027
15,9,0,19.1088101444769,21.5634269951027
15,10,0,19.1088101444769,21.5634269951027
15,1,1,18.4414399460351,18.4414399460351
15,2,1,18.4414399460351,20.0623176618498
15,3,1,18.4414399460351,20.0623176618498
15,4,1,18.4414399460351,20.0623176618498
15,5,1,18.4414399460351,21.4739087203685
15,6,1,18.4414399460351,20.0623176618498
15,7,1,18.4414399460351,20.3923320322523
15,8,1,18.4414399460351,20.3923320322523
15,9,1,18.4414399460351,22.5238968579097
15,10,1,18.4414399460351,22.5238968579097
15,1,2,19.6042586810143,19.6042586810143
15,2,2,19.6042586810143,19.6042586810143
15,3,2,19.6042586810143,21.8990839978657
15,4,2,19.6042586810143,22.1641109946362
15,5,2,19.6042586810143,22.1641109946362
15,6,2,19.6042586810143,22.8792800144556
15,7,2,19.6042586810143,22.8792800144556
15,8,2,19.6042586810143,22.7703941835105
15,9,2,19.6042586810143,22.7703941835105
15,10,2,19.6042586810143,22.8792800144556
15,1,3,26.9127201705851,26.9127201705851
15,2,3,26.9127201705851,26.9127201705851
15,3,3,26.9127201705851,26.9127201705851
15,4,3,26.9127201705851,26.9127201705851
15,5,3,26.9127201705851,26.9127201705851
15,6,3,26.9127201705851,26.9127201705851
15,7,3,26.9127201705851,26.9127201705851
15,8,3,26.9127201705851,26.9127201705851
15,9,3,26.9127201705851,26.9127201705851
15,10,3,26.9127201705851,26.9127201705851
15,1,4,24.6234590605826,24.6234590605826
15,2,4,24.6234590605826,24.6234590605826
15,3,4,24.6234590605826,24.6234590605826
15,4,4,24.6234590605826,24.7503940052361
15,5,4,24.6234590605826,24.7503940052361
15,6,4,24.6234590605826,24.7503940052361
15,7,4,24.6234590605826,24.7503940052361
15,8,4,24.6234590605826,24.7503940052361
15,9,4,24.6234590605826,24.6234590605826
15,10,4,24.6234590605826,24.6234590605826
15,1,5,24.2544355810001,24.2544355810001
15,2,5,24.2544355810001,24.2544355810001
15,3,5,24.2544355810001,24.8031117264297
15,4,5,24.2544355810001,24.2544355810001
15,5,5,24.2544355810001,24.2544355810001
15,6,5,24.2544355810001,24.8031117264297
15,7,5,24.2544355810001,24.8031117264297
15,8,5,24.2544355810001,26.4882309764871
15,9,5,24.2544355810001,24.8031117264297
15,10,5,24.2544355810001,24.8031117264297
15,1,6,18.6697270927271,18.6697270927271
15,2,6,18.6697270927271,19.4037633174848
15,3,6,18.6697270927271,20.6461876821889
15,4,6,18.6697270927271,20.0927392564032
15,5,6,18.6697270927271,20.1285129894036
15,6,6,18.6697270927271,22.0597588625834
15,7,6,18.6697270927271,21.761825250739
15,8,6,18.6697270927271,21.761825250739
15,9,6,18.6697270927271,20.1285129894036
15,10,6,18.6697270927271,22.0597588625834
15,1,7,21.8102795405694,21.8102795405694
15,2,7,21.8102795405694,23.3454798905891
15,3,7,21.8102795405694,21.8102795405694
15,4,7,21.8102795405694,25.014423653601
15,5,7,21.8102795405694,22.6303276922439
15,6,7,21.8102795405694,25.014423653601
15,7,7,21.8102795405694,22.6303276922439
15,8,7,21.8102795405694,25.014423653601
15,9,7,21.8102795405694,22.6303276922439
15,10,7,21.8102795405694,25.014423653601
15,1,8,22.550390505966,22.550390505966
15,2,8,22.550390505966,22.550390505966
15,3,8,22.550390505966,22.550390505966
15,4,8,22.550390505966,22.550390505966
15,5,8,22.550390505966,22.550390505966
15,6,8,22.550390505966,23.0425762425405
15,7,8,22.550390505966,22.550390505966
15,8,8,22.550390505966,22.550390505966
15,9,8,22.550390505966,22.550390505966
15,10,8,22.550390505966,22.550390505966
15,1,9,21.6108486861218,21.6108486861218
15,2,9,21.6108486861218,21.6108486861218
15,3,9,21.6108486861218,21.6108486861218
15,4,9,21.6108486861218,21.6108486861218
15,5,9,21.6108486861218,21.6108486861218
15,6,9,21.6108486861218,21.6108486861218
15,7,9,21.6108486861218,21.6108486861218
15,8,9,21.6108486861218,21.6108486861218
15,9,9,21.6108486861218,21.6108486861218
15,10,9,21.6108486861218,21.6108486861218
15,1,10,21.8218344885673,21.8218344885673
15,2,10,21.8218344885673,21.8218344885673
15,3,10,21.8218344885673,21.8218344885673
15,4,10,21.8218344885673,21.8218344885673
15,5,10,21.8218344885673,21.9633571159936
15,6,10,21.8218344885673,21.8218344885673
15,7,10,21.8218344885673,21.8218344885673
15,8,10,21.8218344885673,21.8218344885673
15,9,10,21.8218344885673,21.8218344885673
15,10,10,21.8218344885673,21.8218344885673
15,1,11,19.2607705308737,19.2607705308737
15,2,11,19.2607705308737,23.9167707809455
15,3,11,19.2607705308737,23.9167707809455
15,4,11,19.2607705308737,21.2995745348081
15,5,11,19.2607705308737,24.3594349485867
15,6,11,19.2607705308737,24.3594349485867
15,7,11,19.2607705308737,24.3594349485867
15,8,11,19.2607705308737,24.3594349485867
15,9,11,19.2607705308737,24.3594349485867
15,10,11,19.2607705308737,24.3594349485867
15,1,12,25.5016491997239,25.5016491997239
15,2,12,25.5016491997239,25.5016491997239
15,3,12,25.5016491997239,25.5016491997239
15,4,12,25.5016491997239,25.5016491997239
15,5,12,25.5016491997239,26.1128229304949
15,6,12,25.5016491997239,26.1128229304949
15,7,12,25.5016491997239,25.5016491997239
15,8,12,25.5016491997239,25.5016491997239
15,9,12,25.5016491997239,25.5016491997239
15,10,12,25.5016491997239,25.5016491997239
15,1,13,25.8769969232595,25.8769969232595
15,2,13,25.8769969232595,25.8769969232595
15,3,13,25.8769969232595,25.8769969232595
15,4,13,25.8769969232595,25.8769969232595
15,5,13,25.8769969232595,25.8769969232595
15,6,13,25.8769969232595,25.8769969232595
15,7,13,25.8769969232595,25.8769969232595
15,8,13,25.8769969232595,25.8769969232595
15,9,13,25.8769969232595,25.8769969232595
15,10,13,25.8769969232595,25.8769969232595
15,1,14,17.5231186717596,17.5231186717596
15,2,14,17.5231186717596,20.2465916107179
15,3,14,17.5231186717596,21.1838764656931
15,4,14,17.5231186717596,23.5116157677458
15,5,14,17.5231186717596,23.5116157677458
15,6,14,17.5231186717596,23.5116157677458
15,7,14,17.5231186717596,23.5116157677458
15,8,14,17.5231186717596,23.5116157677458
15,9,14,17.5231186717596,23.7119467081212
15,10,14,17.5231186717596,23.5116157677458
15,1,15,17.3843772859355,17.3843772859355
15,2,15,17.3843772859355,22.1640819387252
15,3,15,17.3843772859355,22.074345673703
15,4,15,17.3843772859355,22.074345673703
15,5,15,17.3843772859355,22.4816402416606
15,6,15,17.3843772859355,22.074345673703
15,7,15,17.3843772859355,22.074345673703
15,8,15,17.3843772859355,22.4816402416606
15,9,15,17.3843772859355,22.4816402416606
15,10,15,17.3843772859355,22.4816402416606
15,1,16,19.8584426944366,19.8584426944366
15,2,16,19.8584426944366,26.2988571943322
15,3,16,19.8584426944366,26.2988571943322
15,4,16,19.8584426944366,26.2988571943322
15,5,16,19.8584426944366,26.2988571943322
15,6,16,19.8584426944366,26.2988571943322
15,7,16,19.8584426944366,26.2988571943322
15,8,16,19.8584426944366,23.1338471278204
15,9,16,19.8584426944366,23.1338471278204
15,10,16,19.8584426944366,23.1338471278204
15,1,17,22.3997960314547,22.3997960314547
15,2,17,22.3997960314547,22.3997960314547
15,3,17,22.3997960314547,22.3997960314547
15,4,17,22.3997960314547,22.9143013212413
15,5,17,22.3997960314547,24.525890449154
15,6,17,22.3997960314547,24.525890449154
15,7,17,22.3997960314547,24.525890449154
15,8,17,22.3997960314547,24.525890449154
15,9,17,22.3997960314547,24.525890449154
15,10,17,22.3997960314547,24.525890449154
15,1,18,21.3820857730762,21.3820857730762
15,2,18,21.3820857730762,24.9460689553995
15,3,18,21.3820857730762,24.9460689553995
15,4,18,21.3820857730762,24.0074057833029
15,5,18,21.3820857730762,24.0074057833029
15,6,18,21.3820857730762,21.3820857730762
15,7,18,21.3820857730762,21.3820857730762
15,8,18,21.3820857730762,24.0074057833029
15,9,18,21.3820857730762,24.0074057833029
15,10,18,21.3820857730762,24.0074057833029
15,1,19,24.6909687085734,24.6909687085734
15,2,19,24.6909687085734,24.6909687085734
15,3,19,24.6909687085734,25.7970291379429
15,4,19,24.6909687085734,25.7970291379429
15,5,19,24.6909687085734,25.7970291379429
15,6,19,24.6909687085734,25.7970291379429
15,7,19,24.6909687085734,25.7970291379429
15,8,19,24.6909687085734,25.7970291379429
15,9,19,24.6909687085734,25.7970291379429
15,10,19,24.6909687085734,25.7970291379429
20,1,0,28.8159512182389,28.8159512182389
20,2,0,28.8159512182389,28.8159512182389
20,3,0,28.8159512182389,30.5413867774287
20,4,0,28.8159512182389,30.5413867774287
20,5,0,28.8159512182389,29.7600893509707
20,6,0,28.8159512182389,29.7600893509707
20,7,0,28.8159512182389,30.5413867774287
20,8,0,28.8159512182389,30.5413867774287
20,9,0,28.8159512182389,32.1112929325273
20,10,0,28.8159512182389,32.1112929325273
20,1,1,27.6592318913608,27.6592318913608
20,2,1,27.6592318913608,27.6592318913608
20,3,1,27.6592318913608,32.9354474625775
20,4,1,27.6592318913608,32.9354474625775
20,5,1,27.6592318913608,32.9354474625775
20,6,1,27.6592318913608,32.9354474625775
20,7,1,27.6592318913608,32.9354474625775
20,8,1,27.6592318913608,32.9354474625775
20,9,1,27.6592318913608,32.9354474625775
20,10,1,27.6592318913608,32.9354474625775
20,1,2,25.6716438249641,25.6716438249641
20,2,2,25.6716438249641,25.6716438249641
20,3,2,25.6716438249641,28.0528740630194
20,4,2,25.6716438249641,28.0528740630194
20,5,2,25.6716438249641,28.0528740630194
20,6,2,25.6716438249641,28.0528740630194
20,7,2,25.6716438249641,28.0528740630194
20,8,2,25.6716438249641,29.875035409288
20,9,2,25.6716438249641,29.875035409288
20,10,2,25.6716438249641,29.875035409288
20,1,3,26.7416413947473,26.7416413947473
20,2,3,26.7416413947473,26.7416413947473
20,3,3,26.7416413947473,30.3614252526073
20,4,3,26.7416413947473,30.3614252526073
20,5,3,26.7416413947473,30.3614252526073
20,6,3,26.7416413947473,30.3614252526073
20,7,3,26.7416413947473,35.6670435237348
20,8,3,26.7416413947473,35.8306392206268
20,9,3,26.7416413947473,35.8306392206268
20,10,3,26.7416413947473,32.1999604746345
20,1,4,29.4576910906647,29.4576910906647
20,2,4,29.4576910906647,29.4576910906647
20,3,4,29.4576910906647,29.4576910906647
20,4,4,29.4576910906647,29.4576910906647
20,5,4,29.4576910906647,29.4576910906647
20,6,4,29.4576910906647,29.4576910906647
20,7,4,29.4576910906647,29.4576910906647
20,8,4,29.4576910906647,29.4576910906647
20,9,4,29.4576910906647,29.4576910906647
20,10,4,29.4576910906647,29.4576910906647
20,1,5,25.6495968764185,25.6495968764185
20,2,5,25.6495968764185,25.6495968764185
20,3,5,25.6495968764185,30.8707802148189
20,4,5,25.6495968764185,32.3247244390497
20,5,5,25.6495968764185,30.8707802148189
20,6,5,25.6495968764185,30.8707802148189
20,7,5,25.6495968764185,34.0391069600089
20,8,5,25.6495968764185,34.0391069600089
20,9,5,25.6495968764185,34.0391069600089
20,10,5,25.6495968764185,34.0391069600089
20,1,6,33.9748922456173,33.9748922456173
20,2,6,33.9748922456173,33.9748922456173
20,3,6,33.9748922456173,33.9748922456173
20,4,6,33.9748922456173,33.9748922456173
20,5,6,33.9748922456173,33.9748922456173
20,6,6,33.9748922456173,33.9748922456173
20,7,6,33.9748922456173,33.9748922456173
20,8,6,33.9748922456173,33.9748922456173
20,9,6,33.9748922456173,33.9748922456173
20,10,6,33.9748922456173,33.9748922456173
20,1,7,27.0408455610342,27.0408455610342
20,2,7,27.0408455610342,27.0408455610342
20,3,7,27.0408455610342,28.9009290623318
20,4,7,27.0408455610342,30.0415035887941
20,5,7,27.0408455610342,28.9009290623318
20,6,7,27.0408455610342,30.4961949278464
20,7,7,27.0408455610342,30.3432993110691
20,8,7,27.0408455610342,30.4961949278464
20,9,7,27.0408455610342,30.4961949278464
20,10,7,27.0408455610342,30.4961949278464
20,1,8,23.5149899946787,23.5149899946787
20,2,8,23.5149899946787,23.5149899946787
20,3,8,23.5149899946787,29.5918962015822
20,4,8,23.5149899946787,29.5918962015822
20,5,8,23.5149899946787,29.1201172692179
20,6,8,23.5149899946787,27.64701639158
20,7,8,23.5149899946787,26.6837433131792
20,8,8,23.5149899946787,26.6837433131792
20,9,8,23.5149899946787,30.3138868895373
20,10,8,23.5149899946787,31.4082534411084
20,1,9,27.9048160093478,27.9048160093478
20,2,9,27.9048160093478,27.9048160093478
20,3,9,27.9048160093478,27.9048160093478
20,4,9,27.9048160093478,27.9048160093478
20,5,9,27.9048160093478,30.5447536287743
20,6,9,27.9048160093478,27.9048160093478
20,7,9,27.9048160093478,27.9048160093478
20,8,9,27.9048160093478,27.9048160093478
20,9,9,27.9048160093478,30.5447536287743
20,10,9,27.9048160093478,30.5447536287743
20,1,10,36.7453853844841,36.7453853844841
20,2,10,36.7453853844841,36.7453853844841
20,3,10,36.7453853844841,36.7453853844841
20,4,10,36.7453853844841,36.7453853844841
20,5,10,36.7453853844841,36.7453853844841
20,6,10,36.7453853844841,36.7453853844841
20,7,10,36.7453853844841,36.7453853844841
20,8,10,36.7453853844841,36.7453853844841
20,9,10,36.7453853844841,36.7453853844841
20,10,10,36.7453853844841,36.7453853844841
20,1,11,36.044266871927,36.044266871927
20,2,11,36.044266871927,36.044266871927
20,3,11,36.044266871927,36.044266871927
20,4,11,36.044266871927,36.044266871927
20,5,11,36.044266871927,36.044266871927
20,6,11,36.044266871927,36.044266871927
20,7,11,36.044266871927,36.044266871927
20,8,11,36.044266871927,36.044266871927
20,9,11,36.044266871927,36.044266871927
20,10,11,36.044266871927,36.044266871927
20,1,12,28.6561217269266,28.6561217269266
20,2,12,28.6561217269266,28.6561217269266
20,3,12,28.6561217269266,28.6561217269266
20,4,12,28.6561217269266,28.6561217269266
20,5,12,28.6561217269266,30.4203503392208
20,6,12,28.6561217269266,28.9734025316304
20,7,12,28.6561217269266,28.6561217269266
20,8,12,28.6561217269266,28.6561217269266
20,9,12,28.6561217269266,28.6561217269266
20,10,12,28.6561217269266,28.6561217269266
20,1,13,31.491541516788,31.491541516788
20,2,13,31.491541516788,31.491541516788
20,3,13,31.491541516788,36.5972369361228
20,4,13,31.491541516788,36.5972369361228
20,5,13,31.491541516788,31.491541516788
20,6,13,31.491541516788,31.491541516788
20,7,13,31.491541516788,31.491541516788
20,8,13,31.491541516788,35.4860785418624
20,9,13,31.491541516788,31.491541516788
20,10,13,31.491541516788,35.4860785418624
20,1,14,28.7430402879477,28.7430402879477
20,2,14,28.7430402879477,28.7430402879477
20,3,14,28.7430402879477,31.9979843200269
20,4,14,28.7430402879477,31.9979843200269
20,5,14,28.7430402879477,32.4632284233873
20,6,14,28.7430402879477,32.4632284233873
20,7,14,28.7430402879477,33.3275235974703
20,8,14,28.7430402879477,32.971492533765
20,9,14,28.7430402879477,32.4632284233873
20,10,14,28.7430402879477,32.4632284233873
20,1,15,28.7993031454767,28.7993031454767
20,2,15,28.7993031454767,28.7993031454767
20,3,15,28.7993031454767,33.7941586878101
20,4,15,28.7993031454767,33.7941586878101
20,5,15,28.7993031454767,33.7941586878101
20,6,15,28.7993031454767,33.852906056713
20,7,15,28.7993031454767,35.2403866874668
20,8,15,28.7993031454767,35.2403866874668
20,9,15,28.7993031454767,35.2403866874668
20,10,15,28.7993031454767,33.3744364308515
20,1,16,33.1167812852151,33.1167812852151
20,2,16,33.1167812852151,33.1167812852151
20,3,16,33.1167812852151,33.1167812852151
20,4,16,33.1167812852151,33.1167812852151
20,5,16,33.1167812852151,33.1167812852151
20,6,16,33.1167812852151,33.1167812852151
20,7,16,33.1167812852151,33.1167812852151
20,8,16,33.1167812852151,36.8121214817515
20,9,16,33.1167812852151,34.9989635839601
20,10,16,33.1167812852151,36.8121214817516
20,1,17,27.4944773852318,27.4944773852318
20,2,17,27.4944773852318,27.4944773852318
20,3,17,27.4944773852318,34.701662722766
20,4,17,27.4944773852318,34.701662722766
20,5,17,27.4944773852318,34.701662722766
20,6,17,27.4944773852318,34.3800111705713
20,7,17,27.4944773852318,34.3800111705713
20,8,17,27.4944773852318,33.9371803245154
20,9,17,27.4944773852318,33.1617121771065
20,10,17,27.4944773852318,33.9371803245154
20,1,18,33.1990746231933,33.1990746231933
20,2,18,33.1990746231933,33.1990746231933
20,3,18,33.1990746231933,35.1348220220318
20,4,18,33.1990746231933,35.1348220220318
20,5,18,33.1990746231933,35.1348220220318
20,6,18,33.1990746231933,35.1348220220318
20,7,18,33.1990746231933,35.1348220220318
20,8,18,33.1990746231933,35.1348220220318
20,9,18,33.1990746231933,35.1348220220318
20,10,18,33.1990746231933,35.1348220220318
20,1,19,32.3580797333707,32.3580797333707
20,2,19,32.3580797333707,32.3580797333707
20,3,19,32.3580797333707,34.5469039421304
20,4,19,32.3580797333707,34.5469039421304
20,5,19,32.3580797333707,32.3580797333707
20,6,19,32.3580797333707,32.6313716107137
20,7,19,32.3580797333707,32.3580797333707
20,8,19,32.3580797333707,32.3580797333707
20,9,19,32.3580797333707,32.3580797333707
20,10,19,32.3580797333707,32.3580797333707
25,1,0,42.0220644096199,42.0220644096199
25,2,0,42.0220644096199,42.0220644096199
25,3,0,42.0220644096199,42.0220644096199
25,4,0,42.0220644096199,42.0220644096199
25,5,0,42.0220644096199,47.4518271286171
25,6,0,42.0220644096199,42.0220644096199
25,7,0,42.0220644096199,47.4518271286171
25,8,0,42.0220644096199,46.6113469763422
25,9,0,42.0220644096199,46.6113469763422
25,10,0,42.0220644096199,46.5679530329353
25,1,1,33.0043986947217,33.0043986947217
25,2,1,33.0043986947217,33.0043986947217
25,3,1,33.0043986947217,35.0883647579984
25,4,1,33.0043986947217,33.0043986947217
25,5,1,33.0043986947217,42.6309385796053
25,6,1,33.0043986947217,40.576371058601
25,7,1,33.0043986947217,44.7800958382505
25,8,1,33.0043986947217,42.6309385796054
25,9,1,33.0043986947217,42.6309385796054
25,10,1,33.0043986947217,44.7800958382505
25,1,2,34.8086071742927,34.8086071742927
25,2,2,34.8086071742927,34.8086071742927
25,3,2,34.8086071742927,37.1191908343419
25,4,2,34.8086071742927,34.8086071742927
25,5,2,34.8086071742927,37.2616343078053
25,6,2,34.8086071742927,38.3408661896252
25,7,2,34.8086071742927,40.8370373775657
25,8,2,34.8086071742927,40.8370373775657
25,9,2,34.8086071742927,38.3408661896252
25,10,2,34.8086071742927,38.3408661896252
25,1,3,44.276122893954,44.276122893954
25,2,3,44.276122893954,44.276122893954
25,3,3,44.276122893954,44.276122893954
25,4,3,44.276122893954,44.276122893954
25,5,3,44.276122893954,44.276122893954
25,6,3,44.276122893954,44.276122893954
25,7,3,44.276122893954,44.276122893954
25,8,3,44.276122893954,49.8513728709291
25,9,3,44.276122893954,44.276122893954
25,10,3,44.276122893954,44.276122893954
25,1,4,43.3513517719337,43.3513517719337
25,2,4,43.3513517719337,43.3513517719337
25,3,4,43.3513517719337,43.3513517719337
25,4,4,43.3513517719337,44.0085034330742
25,5,4,43.3513517719337,44.0085034330742
25,6,4,43.3513517719337,44.0085034330742
25,7,4,43.3513517719337,44.0085034330742
25,8,4,43.3513517719337,44.0085034330742
25,9,4,43.3513517719337,44.0085034330742
25,10,4,43.3513517719337,44.0085034330742
25,1,5,33.9618735686801,33.9618735686801
25,2,5,33.9618735686801,33.9618735686801
25,3,5,33.9618735686801,34.3474692906478
25,4,5,33.9618735686801,33.9618735686801
25,5,5,33.9618735686801,35.7525154439466
25,6,5,33.9618735686801,37.9808432383248
25,7,5,33.9618735686801,35.7525154439466
25,8,5,33.9618735686801,35.7525154439466
25,9,5,33.9618735686801,35.7525154439466
25,10,5,33.9618735686801,41.2076381476826
25,1,6,30.3256980090589,30.3256980090589
25,2,6,30.3256980090589,30.3256980090589
25,3,6,30.3256980090589,42.0907404448871
25,4,6,30.3256980090589,42.0907404448871
25,5,6,30.3256980090589,42.9524897084229
25,6,6,30.3256980090589,42.0907404448871
25,7,6,30.3256980090589,42.0907404448871
25,8,6,30.3256980090589,42.0907404448871
25,9,6,30.3256980090589,42.9524897084229
25,10,6,30.3256980090589,42.9524897084229
25,1,7,30.5211372545087,30.5211372545087
25,2,7,30.5211372545087,30.5211372545087
25,3,7,30.5211372545087,30.5211372545087
25,4,7,30.5211372545087,30.5211372545087
25,5,7,30.5211372545087,31.1765107840896
25,6,7,30.5211372545087,31.1765107840896
25,7,7,30.5211372545087,32.9889423404082
25,8,7,30.5211372545087,31.1765107840897
25,9,7,30.5211372545087,31.1765107840896
25,10,7,30.5211372545087,31.1765107840897
25,1,8,32.0647883602138,32.0647883602138
25,2,8,32.0647883602138,32.0647883602138
25,3,8,32.0647883602138,32.0647883602138
25,4,8,32.0647883602138,39.790091798601
25,5,8,32.0647883602138,39.790091798601
25,6,8,32.0647883602138,39.790091798601
25,7,8,32.0647883602138,39.790091798601
25,8,8,32.0647883602138,39.2235332860258
25,9,8,32.0647883602138,38.8039091037659
25,10,8,32.0647883602138,38.0584666395868
25,1,9,38.0353145443934,38.0353145443934
25,2,9,38.0353145443934,42.4958276522452
25,3,9,38.0353145443934,42.4958276522452
25,4,9,38.0353145443934,43.2733881212158
25,5,9,38.0353145443934,42.4958276522452
25,6,9,38.0353145443934,42.4958276522452
25,7,9,38.0353145443934,43.2733881212158
25,8,9,38.0353145443934,43.7785657021938
25,9,9,38.0353145443934,43.7785657021938
25,10,9,38.0353145443934,43.7785657021938
25,1,10,40.9382152899371,40.9382152899371
25,2,10,40.9382152899371,40.9382152899371
25,3,10,40.9382152899371,40.9382152899371
25,4,10,40.9382152899371,40.9382152899371
25,5,10,40.9382152899371,40.9382152899371
25,6,10,40.9382152899371,40.9382152899371
25,7,10,40.9382152899371,40.9382152899371
25,8,10,40.9382152899371,40.9382152899371
25,9,10,40.9382152899371,40.9382152899371
25,10,10,40.9382152899371,40.9382152899371
25,1,11,46.3264022270582,46.3264022270582
25,2,11,46.3264022270582,46.3264022270582
25,3,11,46.3264022270582,46.8859586476459
25,4,11,46.3264022270582,46.3264022270582
25,5,11,46.3264022270582,46.8859586476459
25,6,11,46.3264022270582,47.1612318568347
25,7,11,46.3264022270582,47.1612318568347
25,8,11,46.3264022270582,47.526266428011
25,9,11,46.3264022270582,47.526266428011
25,10,11,46.3264022270582,46.8859586476459
25,1,12,39.5800455307929,39.5800455307929
25,2,12,39.5800455307929,39.5800455307929
25,3,12,39.5800455307929,39.5800455307929
25,4,12,39.5800455307929,39.5800455307929
25,5,12,39.5800455307929,39.5800455307929
25,6,12,39.5800455307929,43.4164178774499
25,7,12,39.5800455307929,43.4164178774499
25,8,12,39.5800455307929,43.4164178774499
25,9,12,39.5800455307929,43.4164178774499
25,10,12,39.5800455307929,43.4164178774499
25,1,13,38.7602583015167,38.7602583015167
25,2,13,38.7602583015167,38.7602583015167
25,3,13,38.7602583015167,43.2455336964836
25,4,13,38.7602583015167,40.0221809741171
25,5,13,38.7602583015167,43.2455336964836
25,6,13,38.7602583015167,39.9417675883402
25,7,13,38.7602583015167,46.5563387387641
25,8,13,38.7602583015167,46.5563387387641
25,9,13,38.7602583015167,46.5563387387641
25,10,13,38.7602583015167,44.6691430753836
25,1,14,39.0411987570834,39.0411987570834
25,2,14,39.0411987570834,39.0411987570834
25,3,14,39.0411987570834,44.4340637686875
25,4,14,39.0411987570834,39.0411987570834
25,5,14,39.0411987570834,39.0411987570834
25,6,14,39.0411987570834,39.0411987570834
25,7,14,39.0411987570834,44.5875306123015
25,8,14,39.0411987570834,39.5016136514074
25,9,14,39.0411987570834,39.5016136514074
25,10,14,39.0411987570834,44.5875306123015
25,1,15,31.5142892544031,31.5142892544031
25,2,15,31.5142892544031,31.5142892544031
25,3,15,31.5142892544031,31.5142892544031
25,4,15,31.5142892544031,31.5142892544031
25,5,15,31.5142892544031,41.5806803808622
25,6,15,31.5142892544031,41.5806803808622
25,7,15,31.5142892544031,46.6611515138001
25,8,15,31.5142892544031,41.5806803808622
25,9,15,31.5142892544031,41.5806803808622
25,10,15,31.5142892544031,46.4241753682742
25,1,16,32.6586527572532,32.6586527572532
25,2,16,32.6586527572532,32.6586527572532
25,3,16,32.6586527572532,32.6586527572532
25,4,16,32.6586527572532,44.4304194841485
25,5,16,32.6586527572532,44.4304194841485
25,6,16,32.6586527572532,47.1456385540903
25,7,16,32.6586527572532,47.1456385540903
25,8,16,32.6586527572532,47.1456385540903
25,9,16,32.6586527572532,47.4173325376438
25,10,16,32.6586527572532,47.4173325376438
25,1,17,43.3637906977381,43.3637906977381
25,2,17,43.3637906977381,43.3637906977381
25,3,17,43.3637906977381,43.3637906977381
25,4,17,43.3637906977381,43.3637906977381
25,5,17,43.3637906977381,43.3637906977381
25,6,17,43.3637906977381,47.3871527063828
25,7,17,43.3637906977381,47.2598635652874
25,8,17,43.3637906977381,47.3871527063828
25,9,17,43.3637906977381,47.3871527063828
25,10,17,43.3637906977381,47.3871527063828
25,1,18,35.4282504929705,35.4282504929705
25,2,18,35.4282504929705,35.4282504929705
25,3,18,35.4282504929705,35.4282504929705
25,4,18,35.4282504929705,41.2688872789745
25,5,18,35.4282504929705,39.9572525514154
25,6,18,35.4282504929705,45.0022922217585
25,7,18,35.4282504929705,45.0022922217585
25,8,18,35.4282504929705,45.0022922217585
25,9,18,35.4282504929705,45.0022922217585
25,10,18,35.4282504929705,45.0022922217585
25,1,19,29.4254603769988,29.4254603769988
25,2,19,29.4254603769988,32.6492978871972
25,3,19,29.4254603769988,39.0472144704312
25,4,19,29.4254603769988,39.0472144704312
25,5,19,29.4254603769988,39.0472144704312
25,6,19,29.4254603769988,44.3643795596546
25,7,19,29.4254603769988,39.0472144704312
25,8,19,29.4254603769988,40.5324796738722
25,9,19,29.4254603769988,40.3709152509487
25,10,19,29.4254603769988,37.2691001131236
30,1,0,34.4006052595496,34.4006052595496
30,2,0,34.4006052595496,39.0202623098446
30,3,0,34.4006052595496,39.5766752552297
30,4,0,34.4006052595496,51.5849247373254
30,5,0,34.4006052595496,51.5849247373254
30,6,0,34.4006052595496,48.7923802095222
30,7,0,34.4006052595496,52.2266691657446
30,8,0,34.4006052595496,41.6714213183554
30,9,0,34.4006052595496,47.2809223324208
30,10,0,34.4006052595496,40.1990496817272
30,1,1,39.8547241528515,39.8547241528515
30,2,1,39.8547241528515,39.8547241528515
30,3,1,39.8547241528515,39.8547241528515
30,4,1,39.8547241528515,39.8547241528515
30,5,1,39.8547241528515,39.8547241528515
30,6,1,39.8547241528515,47.4772579464779
30,7,1,39.8547241528515,44.2245381534727
30,8,1,39.8547241528515,47.4772579464779
30,9,1,39.8547241528515,50.8462336242079
30,10,1,39.8547241528515,50.8462336242079
30,1,2,37.8289737135739,37.8289737135739
30,2,2,37.8289737135739,44.889462279273
30,3,2,37.8289737135739,37.8289737135739
30,4,2,37.8289737135739,37.8289737135739
30,5,2,37.8289737135739,37.8289737135739
30,6,2,37.8289737135739,43.3677417164517
30,7,2,37.8289737135739,37.8289737135739
30,8,2,37.8289737135739,45.8052004609391
30,9,2,37.8289737135739,46.118717408209
30,10,2,37.8289737135739,46.357923454265
30,1,3,37.6028838072677,37.6028838072677
30,2,3,37.6028838072677,39.3818814827536
30,3,3,37.6028838072677,39.0430294824908
30,4,3,37.6028838072677,46.6363123169715
30,5,3,37.6028838072677,46.6363123169715
30,6,3,37.6028838072677,40.7790814538732
30,7,3,37.6028838072677,47.7296412582298
30,8,3,37.6028838072677,45.5620358442797
30,9,3,37.6028838072677,43.7437219764243
30,10,3,37.6028838072677,43.7437219764243
30,1,4,37.0229627358957,37.0229627358957
30,2,4,37.0229627358957,37.0229627358957
30,3,4,37.0229627358957,39.679742043184
30,4,4,37.0229627358957,39.679742043184
30,5,4,37.0229627358957,39.679742043184
30,6,4,37.0229627358957,39.679742043184
30,7,4,37.0229627358957,39.679742043184
30,8,4,37.0229627358957,39.679742043184
30,9,4,37.0229627358957,39.679742043184
30,10,4,37.0229627358957,39.679742043184
30,1,5,43.3186934698039,43.3186934698039
30,2,5,43.3186934698039,43.3186934698039
30,3,5,43.3186934698039,44.0292235438158
30,4,5,43.3186934698039,47.330275698842
30,5,5,43.3186934698039,46.0380880856085
30,6,5,43.3186934698039,47.330275698842
30,7,5,43.3186934698039,59.4099209266988
30,8,5,43.3186934698039,59.4099209266988
30,9,5,43.3186934698039,59.4099209266988
30,10,5,43.3186934698039,57.4278544374864
30,1,6,36.2410846759642,36.2410846759642
30,2,6,36.2410846759642,36.2410846759642
30,3,6,36.2410846759642,36.2410846759642
30,4,6,36.2410846759642,36.2410846759642
30,5,6,36.2410846759642,37.3283988810489
30,6,6,36.2410846759642,40.594040719786
30,7,6,36.2410846759642,40.594040719786
30,8,6,36.2410846759642,47.1002049857538
30,9,6,36.2410846759642,47.1002049857538
30,10,6,36.2410846759642,46.1297108087448
30,1,7,41.0887109837055,41.0887109837055
30,2,7,41.0887109837055,44.6613253216637
30,3,7,41.0887109837055,43.0339979093151
30,4,7,41.0887109837055,41.0887109837055
30,5,7,41.0887109837055,41.0887109837055
30,6,7,41.0887109837055,47.0251779330593
30,7,7,41.0887109837055,41.0887109837055
30,8,7,41.0887109837055,46.436347167003
30,9,7,41.0887109837055,51.4750408873991
30,10,7,41.0887109837055,51.4750408873991
30,1,8,43.5689897569746,43.5689897569746
30,2,8,43.5689897569746,52.2530441242953
30,3,8,43.5689897569746,60.1586256371086
30,4,8,43.5689897569746,61.1152127297888
30,5,8,43.5689897569746,60.1586256371086
30,6,8,43.5689897569746,61.1152127297888
30,7,8,43.5689897569746,61.1152127297888
30,8,8,43.5689897569746,58.8679429241912
30,9,8,43.5689897569746,47.3089405911691
30,10,8,43.5689897569746,48.5756603529291
30,1,9,42.0114085631777,42.0114085631777
30,2,9,42.0114085631777,56.929702352976
30,3,9,42.0114085631777,56.929702352976
30,4,9,42.0114085631777,56.929702352976
30,5,9,42.0114085631777,56.929702352976
30,6,9,42.0114085631777,56.929702352976
30,7,9,42.0114085631777,56.929702352976
30,8,9,42.0114085631777,56.929702352976
30,9,9,42.0114085631777,56.929702352976
30,10,9,42.0114085631777,56.929702352976
30,1,10,48.5048799031585,48.5048799031585
30,2,10,48.5048799031585,48.5048799031585
30,3,10,48.5048799031585,52.1424902799869
30,4,10,48.5048799031585,48.9503514926558
30,5,10,48.5048799031585,48.9503514926558
30,6,10,48.5048799031585,48.5048799031585
30,7,10,48.5048799031585,48.5048799031585
30,8,10,48.5048799031585,48.5048799031585
30,9,10,48.5048799031585,48.5048799031585
30,10,10,48.5048799031585,48.5048799031585
30,1,11,39.2405694908187,39.2405694908187
30,2,11,39.2405694908187,39.2405694908187
30,3,11,39.2405694908187,49.2052663940348
30,4,11,39.2405694908187,40.6241931893423
30,5,11,39.2405694908187,43.3103476122637
30,6,11,39.2405694908187,43.3103476122637
30,7,11,39.2405694908187,46.5591098821077
30,8,11,39.2405694908187,43.3103476122637
30,9,11,39.2405694908187,43.3103476122637
30,10,11,39.2405694908187,46.5591098821077
30,1,12,39.3654113384754,39.3654113384754
30,2,12,39.3654113384754,39.3654113384754
30,3,12,39.3654113384754,39.9960877295375
30,4,12,39.3654113384754,42.2316654344222
30,5,12,39.3654113384754,49.3662035737868
30,6,12,39.3654113384754,42.2316654344222
30,7,12,39.3654113384754,42.2316654344222
30,8,12,39.3654113384754,42.2316654344222
30,9,12,39.3654113384754,42.2316654344222
30,10,12,39.3654113384754,47.1314038366585
30,1,13,37.9469241677904,37.9469241677904
30,2,13,37.9469241677904,39.2164043830908
30,3,13,37.9469241677904,39.2164043830908
30,4,13,37.9469241677904,49.652059590681
30,5,13,37.9469241677904,49.0540343070556
30,6,13,37.9469241677904,49.652059590681
30,7,13,37.9469241677904,49.652059590681
30,8,13,37.9469241677904,38.1604166637524
30,9,13,37.9469241677904,37.9469241677904
30,10,13,37.9469241677904,37.9469241677904
30,1,14,37.685695717529,37.685695717529
30,2,14,37.685695717529,46.8496597124735
30,3,14,37.685695717529,46.8496597124735
30,4,14,37.685695717529,44.9313955023578
30,5,14,37.685695717529,50.3717809289855
30,6,14,37.685695717529,44.9313955023578
30,7,14,37.685695717529,41.3347426431083
30,8,14,37.685695717529,45.474813893811
30,9,14,37.685695717529,51.7728595894198
30,10,14,37.685695717529,51.7728595894198
30,1,15,44.7105193637294,44.7105193637294
30,2,15,44.7105193637294,48.4811497830752
30,3,15,44.7105193637294,48.4811497830752
30,4,15,44.7105193637294,51.4651421919003
30,5,15,44.7105193637294,51.9247046458093
30,6,15,44.7105193637294,53.0852360920054
30,7,15,44.7105193637294,53.0852360920054
30,8,15,44.7105193637294,54.6041764016383
30,9,15,44.7105193637294,57.6332562593645
30,10,15,44.7105193637294,53.0852360920054
30,1,16,45.0413082418581,45.0413082418581
30,2,16,45.0413082418581,45.0413082418581
30,3,16,45.0413082418581,45.0413082418581
30,4,16,45.0413082418581,45.0413082418581
30,5,16,45.0413082418581,47.2753725632341
30,6,16,45.0413082418581,47.275372563234
30,7,16,45.0413082418581,49.8318371566509
30,8,16,45.0413082418581,51.7902080749329
30,9,16,45.0413082418581,51.7902080749329
30,10,16,45.0413082418581,51.7902080749329
30,1,17,39.9106179913207,39.9106179913207
30,2,17,39.9106179913207,39.9106179913207
30,3,17,39.9106179913207,39.9106179913207
30,4,17,39.9106179913207,47.0934486199671
30,5,17,39.9106179913207,52.0370583805842
30,6,17,39.9106179913207,52.0370583805842
30,7,17,39.9106179913207,52.0370583805842
30,8,17,39.9106179913207,39.9106179913207
30,9,17,39.9106179913207,43.7548099004147
30,10,17,39.9106179913207,43.7548099004147
30,1,18,56.5393886975449,56.5393886975449
30,2,18,56.5393886975449,57.0689472079422
30,3,18,56.5393886975449,57.0689472079422
30,4,18,56.5393886975449,57.0689472079422
30,5,18,56.5393886975449,57.0689472079422
30,6,18,56.5393886975449,57.0689472079422
30,7,18,56.5393886975449,57.5901837404024
30,8,18,56.5393886975449,57.0689472079422
30,9,18,56.5393886975449,64.7220111632083
30,10,18,56.5393886975449,57.5901837404024
30,1,19,28.1250432868088,28.1250432868088
30,2,19,28.1250432868088,28.1250432868088
30,3,19,28.1250432868088,33.8996235302981
30,4,19,28.1250432868088,34.6832478998134
30,5,19,28.1250432868088,44.286537229006
30,6,19,28.1250432868088,44.286537229006
30,7,19,28.1250432868088,41.4979118327532
30,8,19,28.1250432868088,41.4979118327532
30,9,19,28.1250432868088,41.4979118327532
30,10,19,28.1250432868088,41.4979118327532
35,1,0,46.1666795353613,46.1666795353613
35,2,0,46.1666795353613,46.1666795353613
35,3,0,46.1666795353613,46.1666795353613
35,4,0,46.1666795353613,46.1666795353613
35,5,0,46.1666795353613,46.1666795353613
35,6,0,46.1666795353613,48.9261455431587
35,7,0,46.1666795353613,46.1666795353613
35,8,0,46.1666795353613,47.1189615178473
35,9,0,46.1666795353613,50.5969746639374
35,10,0,46.1666795353613,50.7253916370581
35,1,1,35.2592455607944,35.2592455607944
35,2,1,35.2592455607944,35.2592455607944
35,3,1,35.2592455607944,35.2592455607944
35,4,1,35.2592455607944,46.2831073099695
35,5,1,35.2592455607944,40.8235314362768
35,6,1,35.2592455607944,44.3436232463802
35,7,1,35.2592455607944,48.9447952028026
35,8,1,35.2592455607944,48.9447952028026
35,9,1,35.2592455607944,48.9447952028026
35,10,1,35.2592455607944,48.9447952028025
35,1,2,44.3618982814575,44.3618982814575
35,2,2,44.3618982814575,44.3618982814575
35,3,2,44.3618982814575,46.1604290463337
35,4,2,44.3618982814575,46.0259311095114
35,5,2,44.3618982814575,47.4305005037516
35,6,2,44.3618982814575,44.3618982814575
35,7,2,44.3618982814575,56.5891052873257
35,8,2,44.3618982814575,56.5891052873257
35,9,2,44.3618982814575,47.5879471958467
35,10,2,44.3618982814575,56.5891052873257
35,1,3,29.1359316582376,29.1359316582376
35,2,3,29.1359316582376,32.5429157069746
35,3,3,29.1359316582376,37.6465505850468
35,4,3,29.1359316582376,42.5450915228882
35,5,3,29.1359316582376,41.0602103092644
35,6,3,29.1359316582376,42.5296429109967
35,7,3,29.1359316582376,37.6465505850469
35,8,3,29.1359316582376,42.6330947258823
35,9,3,29.1359316582376,42.6330947258823
35,10,3,29.1359316582376,43.681598148248
35,1,4,47.290124229086,47.290124229086
35,2,4,47.290124229086,47.290124229086
35,3,4,47.290124229086,47.290124229086
35,4,4,47.290124229086,47.290124229086
35,5,4,47.290124229086,47.290124229086
35,6,4,47.290124229086,48.7301386358552
35,7,4,47.290124229086,48.7301386358552
35,8,4,47.290124229086,50.0674794658245
35,9,4,47.290124229086,51.3345611011018
35,10,4,47.290124229086,48.8935188739069
35,1,5,50.169134153256,50.169134153256
35,2,5,50.169134153256,52.1583037918582
35,3,5,50.169134153256,57.6231039428082
35,4,5,50.169134153256,52.557820043368
35,5,5,50.169134153256,63.1614729330144
35,6,5,50.169134153256,55.9357220916058
35,7,5,50.169134153256,63.1614729330143
35,8,5,50.169134153256,50.1943219103561
35,9,5,50.169134153256,50.1943219103561
35,10,5,50.169134153256,64.107937049267
35,1,6,46.3589658667224,46.3589658667224
35,2,6,46.3589658667224,46.3589658667224
35,3,6,46.3589658667224,55.3760599807627
35,4,6,46.3589658667224,65.9195464807372
35,5,6,46.3589658667224,73.3519546578128
35,6,6,46.3589658667224,54.5737643605809
35,7,6,46.3589658667224,66.3286326932809
35,8,6,46.3589658667224,66.1573175868816
35,9,6,46.3589658667224,63.3358176005954
35,10,6,46.3589658667224,66.1573175868816
35,1,7,48.6177864151351,48.6177864151351
35,2,7,48.6177864151351,48.6177864151351
35,3,7,48.6177864151351,50.5852188392504
35,4,7,48.6177864151351,53.8776689002034
35,5,7,48.6177864151351,54.0428789552604
35,6,7,48.6177864151351,56.0691002819413
35,7,7,48.6177864151351,52.9578620014784
35,8,7,48.6177864151351,50.1822896982382
35,9,7,48.6177864151351,50.1822896982382
35,10,7,48.6177864151351,53.8194949378465
35,1,8,47.1154324195437,47.1154324195437
35,2,8,47.1154324195437,47.1154324195437
35,3,8,47.1154324195437,47.1154324195437
35,4,8,47.1154324195437,47.1154324195437
35,5,8,47.1154324195437,47.1154324195437
35,6,8,47.1154324195437,47.1154324195437
35,7,8,47.1154324195437,47.1154324195437
35,8,8,47.1154324195437,49.9928965151189
35,9,8,47.1154324195437,49.9928965151189
35,10,8,47.1154324195437,49.9928965151189
35,1,9,43.5496302248464,43.5496302248464
35,2,9,43.5496302248464,45.271603725455
35,3,9,43.5496302248464,43.5496302248464
35,4,9,43.5496302248464,55.1699351928301
35,5,9,43.5496302248464,50.7457903128342
35,6,9,43.5496302248464,58.4994293335747
35,7,9,43.5496302248464,53.0872580140202
35,8,9,43.5496302248464,53.0872580140202
35,9,9,43.5496302248464,53.0872580140202
35,10,9,43.5496302248464,53.0872580140202
35,1,10,41.4798759167486,41.4798759167486
35,2,10,41.4798759167486,43.3154838631294
35,3,10,41.4798759167486,44.0345699278864
35,4,10,41.4798759167486,44.0345699278864
35,5,10,41.4798759167486,44.0345699278864
35,6,10,41.4798759167486,49.1239959147405
35,7,10,41.4798759167486,49.1239959147405
35,8,10,41.4798759167486,51.5173754491032
35,9,10,41.4798759167486,51.0569292547235
35,10,10,41.4798759167486,50.4742823334355
35,1,11,33.9638521054646,33.9638521054646
35,2,11,33.9638521054646,44.1569891901858
35,3,11,33.9638521054646,46.9052429148746
35,4,11,33.9638521054646,46.9052429148746
35,5,11,33.9638521054646,49.0169726458984
35,6,11,33.9638521054646,52.7369551384967
35,7,11,33.9638521054646,45.5516728118109
35,8,11,33.9638521054646,49.7827487320496
35,9,11,33.9638521054646,45.8100432811316
35,10,11,33.9638521054646,45.8100432811316
35,1,12,50.4320999815219,50.4320999815219
35,2,12,50.4320999815219,50.4320999815219
35,3,12,50.4320999815219,50.4320999815219
35,4,12,50.4320999815219,53.1231640250316
35,5,12,50.4320999815219,61.7140042272596
35,6,12,50.4320999815219,50.4320999815219
35,7,12,50.4320999815219,50.4320999815219
35,8,12,50.4320999815219,54.8317214642523
35,9,12,50.4320999815219,50.4320999815219
35,10,12,50.4320999815219,56.2528432388803
35,1,13,52.7613661673757,52.7613661673757
35,2,13,52.7613661673757,57.6960851522299
35,3,13,52.7613661673757,57.6960851522299
35,4,13,52.7613661673757,57.6960851522299
35,5,13,52.7613661673757,52.7613661673757
35,6,13,52.7613661673757,52.7613661673757
35,7,13,52.7613661673757,52.7613661673757
35,8,13,52.7613661673757,52.7613661673757
35,9,13,52.7613661673757,52.7613661673757
35,10,13,52.7613661673757,52.7613661673757
35,1,14,52.0973540276865,52.0973540276865
35,2,14,52.0973540276865,52.0973540276865
35,3,14,52.0973540276865,52.0973540276865
35,4,14,52.0973540276865,52.0973540276865
35,5,14,52.0973540276865,52.0973540276865
35,6,14,52.0973540276865,52.0973540276865
35,7,14,52.0973540276865,52.0973540276865
35,8,14,52.0973540276865,52.0973540276865
35,9,14,52.0973540276865,52.0973540276865
35,10,14,52.0973540276865,52.0973540276865
35,1,15,35.0517458534797,35.0517458534797
35,2,15,35.0517458534797,35.0517458534797
35,3,15,35.0517458534797,41.3593506178186
35,4,15,35.0517458534797,43.8587862783728
35,5,15,35.0517458534797,49.1297664939286
35,6,15,35.0517458534797,52.0396191773372
35,7,15,35.0517458534797,50.3699399748697
35,8,15,35.0517458534797,52.0396191773372
35,9,15,35.0517458534797,49.1297664939286
35,10,15,35.0517458534797,50.3699399748697
35,1,16,47.2097869849574,47.2097869849574
35,2,16,47.2097869849574,47.2097869849574
35,3,16,47.2097869849574,51.3405251308272
35,4,16,47.2097869849574,47.2097869849574
35,5,16,47.2097869849574,47.2097869849574
35,6,16,47.2097869849574,52.8290536420159
35,7,16,47.2097869849574,47.2097869849574
35,8,16,47.2097869849574,47.2097869849574
35,9,16,47.2097869849574,47.2097869849574
35,10,16,47.2097869849574,52.9389123667175
35,1,17,45.9360812245691,45.9360812245691
35,2,17,45.9360812245691,45.9360812245691
35,3,17,45.9360812245691,45.9360812245691
35,4,17,45.9360812245691,45.9360812245691
35,5,17,45.9360812245691,52.7536625445151
35,6,17,45.9360812245691,55.5174151562085
35,7,17,45.9360812245691,51.2729968786026
35,8,17,45.9360812245691,55.5174151562085
35,9,17,45.9360812245691,55.5174151562085
35,10,17,45.9360812245691,55.5174151562085
35,1,18,33.3077770983344,33.3077770983344
35,2,18,33.3077770983344,40.8790931988977
35,3,18,33.3077770983344,35.2040767766417
35,4,18,33.3077770983344,37.0301030893613
35,5,18,33.3077770983344,38.5356693577756
35,6,18,33.3077770983344,51.6957693255366
35,7,18,33.3077770983344,53.7766234780222
35,8,18,33.3077770983344,45.0583819836148
35,9,18,33.3077770983344,47.141083594703
35,10,18,33.3077770983344,45.0583819836148
35,1,19,40.1201449101333,40.1201449101333
35,2,19,40.1201449101333,55.6085107572638
35,3,19,40.1201449101333,53.7348234727276
35,4,19,40.1201449101333,43.525739733497
35,5,19,40.1201449101333,43.525739733497
35,6,19,40.1201449101333,43.525739733497
35,7,19,40.1201449101333,43.525739733497
35,8,19,40.1201449101333,43.525739733497
35,9,19,40.1201449101333,43.525739733497
35,10,19,40.1201449101333,43.525739733497
40,1,0,68.2307162696281,68.2307162696281
40,2,0,68.2307162696281,68.2307162696282
40,3,0,68.2307162696281,68.2307162696282
40,4,0,68.2307162696281,68.2307162696282
40,5,0,68.2307162696281,68.2307162696281
40,6,0,68.2307162696281,68.2307162696281
40,7,0,68.2307162696281,68.2307162696281
40,8,0,68.2307162696281,68.2307162696281
40,9,0,68.2307162696281,70.1953329137621
40,10,0,68.2307162696281,68.8641935945491
40,1,1,46.8249882685843,46.8249882685843
40,2,1,46.8249882685843,46.8249882685843
40,3,1,46.8249882685843,51.7209843509048
40,4,1,46.8249882685843,51.7209843509048
40,5,1,46.8249882685843,55.6532157947175
40,6,1,46.8249882685843,51.1057406847621
40,7,1,46.8249882685843,51.1057406847621
40,8,1,46.8249882685843,51.1057406847621
40,9,1,46.8249882685843,51.1057406847621
40,10,1,46.8249882685843,55.6532157947175
40,1,2,49.9428029712709,49.9428029712709
40,2,2,49.9428029712709,49.9428029712709
40,3,2,49.9428029712709,58.9582081285641
40,4,2,49.9428029712709,62.9681916355463
40,5,2,49.9428029712709,59.9901406153855
40,6,2,49.9428029712709,59.5731973382986
40,7,2,49.9428029712709,54.4745077285949
40,8,2,49.9428029712709,54.4745077285949
40,9,2,49.9428029712709,60.3579407826757
40,10,2,49.9428029712709,60.3579407826757
40,1,3,38.0555357909005,38.0555357909005
40,2,3,38.0555357909005,38.0555357909005
40,3,3,38.0555357909005,57.4761611756368
40,4,3,38.0555357909005,57.0601158971486
40,5,3,38.0555357909005,57.4622716336746
40,6,3,38.0555357909005,57.4622716336746
40,7,3,38.0555357909005,64.1616516995989
40,8,3,38.0555357909005,64.1616516995989
40,9,3,38.0555357909005,61.2938198522128
40,10,3,38.0555357909005,61.2938198522128
40,1,4,51.6611206948097,51.6611206948097
40,2,4,51.6611206948097,51.6611206948097
40,3,4,51.6611206948097,51.6611206948097
40,4,4,51.6611206948097,51.6611206948097
40,5,4,51.6611206948097,51.6611206948097
40,6,4,51.6611206948097,60.1949471060159
40,7,4,51.6611206948097,52.6343934392627
40,8,4,51.6611206948097,51.6611206948097
40,9,4,51.6611206948097,52.6343934392626
40,10,4,51.6611206948097,52.6343934392626
40,1,5,48.3860934617629,48.3860934617629
40,2,5,48.3860934617629,48.386093461763
40,3,5,48.3860934617629,48.3860934617629
40,4,5,48.3860934617629,48.3860934617629
40,5,5,48.3860934617629,51.3136297953443
40,6,5,48.3860934617629,51.3136297953443
40,7,5,48.3860934617629,49.3200765491706
40,8,5,48.3860934617629,49.3200765491707
40,9,5,48.3860934617629,49.3200765491707
40,10,5,48.3860934617629,51.3136297953443
40,1,6,49.4001764770573,49.4001764770573
40,2,6,49.4001764770573,49.4001764770573
40,3,6,49.4001764770573,49.4001764770573
40,4,6,49.4001764770573,49.4001764770573
40,5,6,49.4001764770573,50.632447935954
40,6,6,49.4001764770573,50.632447935954
40,7,6,49.4001764770573,50.632447935954
40,8,6,49.4001764770573,50.632447935954
40,9,6,49.4001764770573,50.5529776442639
40,10,6,49.4001764770573,51.1994145597232
40,1,7,57.6811926887271,57.6811926887271
40,2,7,57.6811926887271,57.6811926887272
40,3,7,57.6811926887271,63.6188533266263
40,4,7,57.6811926887271,63.6188533266263
40,5,7,57.6811926887271,63.6188533266263
40,6,7,57.6811926887271,63.6188533266263
40,7,7,57.6811926887271,65.9139274161421
40,8,7,57.6811926887271,63.6188533266263
40,9,7,57.6811926887271,65.9139274161421
40,10,7,57.6811926887271,63.6188533266263
40,1,8,47.4759944420538,47.4759944420538
40,2,8,47.4759944420538,47.4759944420538
40,3,8,47.4759944420538,47.4759944420538
40,4,8,47.4759944420538,50.1177935758534
40,5,8,47.4759944420538,50.1177935758534
40,6,8,47.4759944420538,50.1177935758534
40,7,8,47.4759944420538,50.2774790759525
40,8,8,47.4759944420538,50.1177935758534
40,9,8,47.4759944420538,50.1177935758534
40,10,8,47.4759944420538,50.1177935758534
40,1,9,50.8561526625804,50.8561526625804
40,2,9,50.8561526625804,50.8561526625804
40,3,9,50.8561526625804,50.8561526625804
40,4,9,50.8561526625804,50.8561526625804
40,5,9,50.8561526625804,50.8561526625804
40,6,9,50.8561526625804,50.8561526625804
40,7,9,50.8561526625804,50.8561526625804
40,8,9,50.8561526625804,50.8561526625804
40,9,9,50.8561526625804,51.1014418578757
40,10,9,50.8561526625804,52.0455445028196
40,1,10,61.013131239916,61.013131239916
40,2,10,61.013131239916,61.013131239916
40,3,10,61.013131239916,61.013131239916
40,4,10,61.013131239916,61.013131239916
40,5,10,61.013131239916,61.013131239916
40,6,10,61.013131239916,61.013131239916
40,7,10,61.013131239916,61.013131239916
40,8,10,61.013131239916,61.013131239916
40,9,10,61.013131239916,65.2170916607196
40,10,10,61.013131239916,61.013131239916
40,1,11,39.1234676926934,39.1234676926934
40,2,11,39.1234676926934,39.1234676926935
40,3,11,39.1234676926934,39.1234676926935
40,4,11,39.1234676926934,51.8515294665288
40,5,11,39.1234676926934,51.8515294665288
40,6,11,39.1234676926934,51.8515294665288
40,7,11,39.1234676926934,52.4449368282753
40,8,11,39.1234676926934,52.4449368282753
40,9,11,39.1234676926934,52.4449368282753
40,10,11,39.1234676926934,52.4449368282753
40,1,12,58.2627263273357,58.2627263273357
40,2,12,58.2627263273357,58.2627263273357
40,3,12,58.2627263273357,61.1769337015277
40,4,12,58.2627263273357,61.8401816677978
40,5,12,58.2627263273357,61.1769337015277
40,6,12,58.2627263273357,58.2627263273357
40,7,12,58.2627263273357,59.6062383972695
40,8,12,58.2627263273357,61.4046156379691
40,9,12,58.2627263273357,59.6062383972695
40,10,12,58.2627263273357,59.6062383972695
40,1,13,33.4670056589408,33.4670056589408
40,2,13,33.4670056589408,33.4670056589408
40,3,13,33.4670056589408,53.9107651466057
40,4,13,33.4670056589408,53.9107651466056
40,5,13,33.4670056589408,53.9107651466057
40,6,13,33.4670056589408,52.9248842800137
40,7,13,33.4670056589408,52.9300219608923
40,8,13,33.4670056589408,52.9300219608923
40,9,13,33.4670056589408,52.6322751197565
40,10,13,33.4670056589408,52.6322751197565
40,1,14,29.0457064379435,29.0457064379435
40,2,14,29.0457064379435,29.0457064379435
40,3,14,29.0457064379435,29.0457064379435
40,4,14,29.0457064379435,29.0457064379435
40,5,14,29.0457064379435,43.5831628509946
40,6,14,29.0457064379435,51.5322009082708
40,7,14,29.0457064379435,62.7829121305484
40,8,14,29.0457064379435,56.9447809383479
40,9,14,29.0457064379435,56.3349456290792
40,10,14,29.0457064379435,56.9447809383479
40,1,15,58.11233537844,58.11233537844
40,2,15,58.11233537844,58.11233537844
40,3,15,58.11233537844,58.11233537844
40,4,15,58.11233537844,58.11233537844
40,5,15,58.11233537844,58.11233537844
40,6,15,58.11233537844,58.11233537844
40,7,15,58.11233537844,66.8640305914487
40,8,15,58.11233537844,59.3686795856258
40,9,15,58.11233537844,58.11233537844
40,10,15,58.11233537844,58.2081018661465
40,1,16,43.7028581933981,43.7028581933981
40,2,16,43.7028581933981,43.7028581933982
40,3,16,43.7028581933981,43.7028581933981
40,4,16,43.7028581933981,45.8002299082333
40,5,16,43.7028581933981,43.7028581933981
40,6,16,43.7028581933981,45.8002299082333
40,7,16,43.7028581933981,45.8002299082333
40,8,16,43.7028581933981,45.8002299082333
40,9,16,43.7028581933981,45.8002299082333
40,10,16,43.7028581933981,45.8002299082333
40,1,17,36.8409049635558,36.8409049635558
40,2,17,36.8409049635558,36.8409049635559
40,3,17,36.8409049635558,69.6048243116886
40,4,17,36.8409049635558,69.6048243116886
40,5,17,36.8409049635558,69.6048243116886
40,6,17,36.8409049635558,69.6048243116886
40,7,17,36.8409049635558,69.6048243116886
40,8,17,36.8409049635558,69.6048243116886
40,9,17,36.8409049635558,69.6048243116886
40,10,17,36.8409049635558,69.6048243116886
40,1,18,46.013042267225,46.013042267225
40,2,18,46.013042267225,46.013042267225
40,3,18,46.013042267225,46.013042267225
40,4,18,46.013042267225,46.013042267225
40,5,18,46.013042267225,46.013042267225
40,6,18,46.013042267225,46.0130422672251
40,7,18,46.013042267225,46.0130422672251
40,8,18,46.013042267225,46.0130422672251
40,9,18,46.013042267225,46.0130422672251
40,10,18,46.013042267225,46.013042267225
40,1,19,33.5214146552474,33.5214146552474
40,2,19,33.5214146552474,33.5214146552474
40,3,19,33.5214146552474,33.5214146552474
40,4,19,33.5214146552474,33.5214146552474
40,5,19,33.5214146552474,43.0104590800103
40,6,19,33.5214146552474,43.0104590800103
40,7,19,33.5214146552474,37.8962815895628
40,8,19,33.5214146552474,37.8962815895628
40,9,19,33.5214146552474,37.3522078734559
40,10,19,33.5214146552474,52.9670483847663
45,1,0,35.7496400102681,35.7496400102681
45,2,0,35.7496400102681,35.7496400102681
45,3,0,35.7496400102681,55.4583373219802
45,4,0,35.7496400102681,55.4583373219802
45,5,0,35.7496400102681,55.4583373219802
45,6,0,35.7496400102681,42.8834856430736
45,7,0,35.7496400102681,42.8834856430736
45,8,0,35.7496400102681,52.4745512025276
45,9,0,35.7496400102681,37.2908578768616
45,10,0,35.7496400102681,42.1055286024623
45,1,1,49.5515797662677,49.5515797662677
45,2,1,49.5515797662677,49.5515797662678
45,3,1,49.5515797662677,49.5515797662677
45,4,1,49.5515797662677,55.4679179122058
45,5,1,49.5515797662677,55.770763440583
45,6,1,49.5515797662677,57.9794077604191
45,7,1,49.5515797662677,52.7671580326318
45,8,1,49.5515797662677,55.770763440583
45,9,1,49.5515797662677,55.770763440583
45,10,1,49.5515797662677,55.770763440583
45,1,2,12.8109001396683,12.8109001396683
45,2,2,12.8109001396683,47.1119088919449
45,3,2,12.8109001396683,31.9916114902499
45,4,2,12.8109001396683,31.9916114902499
45,5,2,12.8109001396683,31.9916114902499
45,6,2,12.8109001396683,32.9009701811792
45,7,2,12.8109001396683,31.9916114902499
45,8,2,12.8109001396683,32.9009701811793
45,9,2,12.8109001396683,32.9009701811792
45,10,2,12.8109001396683,51.0768958139245
45,1,3,41.355015797461,41.355015797461
45,2,3,41.355015797461,41.355015797461
45,3,3,41.355015797461,41.355015797461
45,4,3,41.355015797461,41.355015797461
45,5,3,41.355015797461,41.355015797461
45,6,3,41.355015797461,41.355015797461
45,7,3,41.355015797461,41.355015797461
45,8,3,41.355015797461,52.9647782044068
45,9,3,41.355015797461,43.2929794478744
45,10,3,41.355015797461,52.9647782044068
45,1,4,48.700245172939,48.700245172939
45,2,4,48.700245172939,48.7002451729391
45,3,4,48.700245172939,48.700245172939
45,4,4,48.700245172939,48.700245172939
45,5,4,48.700245172939,48.8224283584935
45,6,4,48.700245172939,50.2921044011397
45,7,4,48.700245172939,50.2921044011397
45,8,4,48.700245172939,50.2921044011397
45,9,4,48.700245172939,48.7002451729391
45,10,4,48.700245172939,50.2921044011397
45,1,5,41.8364373498794,41.8364373498794
45,2,5,41.8364373498794,41.8364373498794
45,3,5,41.8364373498794,41.8364373498794
45,4,5,41.8364373498794,51.1267195210841
45,5,5,41.8364373498794,41.8364373498794
45,6,5,41.8364373498794,58.6507004501036
45,7,5,41.8364373498794,54.2177956449032
45,8,5,41.8364373498794,54.2177956449032
45,9,5,41.8364373498794,54.2177956449032
45,10,5,41.8364373498794,66.3093102036089
45,1,6,58.4060313307556,58.4060313307556
45,2,6,58.4060313307556,58.4060313307556
45,3,6,58.4060313307556,58.4060313307556
45,4,6,58.4060313307556,58.4060313307556
45,5,6,58.4060313307556,66.7684639916205
45,6,6,58.4060313307556,60.4548176203084
45,7,6,58.4060313307556,66.1283341081158
45,8,6,58.4060313307556,66.1283341081158
45,9,6,58.4060313307556,66.1283341081158
45,10,6,58.4060313307556,62.1395701960401
45,1,7,56.6607781940056,56.6607781940056
45,2,7,56.6607781940056,56.6607781940056
45,3,7,56.6607781940056,56.6607781940056
45,4,7,56.6607781940056,56.6607781940056
45,5,7,56.6607781940056,56.6607781940056
45,6,7,56.6607781940056,57.8042204149201
45,7,7,56.6607781940056,57.8042204149201
45,8,7,56.6607781940056,57.8042204149201
45,9,7,56.6607781940056,56.6607781940056
45,10,7,56.6607781940056,71.3625134388509
45,1,8,35.9550961183136,35.9550961183136
45,2,8,35.9550961183136,36.2014162569959
45,3,8,35.9550961183136,40.7970601594598
45,4,8,35.9550961183136,40.7970601594598
45,5,8,35.9550961183136,42.9979350699944
45,6,8,35.9550961183136,42.8766057886094
45,7,8,35.9550961183136,42.8766057886094
45,8,8,35.9550961183136,44.3301070869455
45,9,8,35.9550961183136,51.9261797395985
45,10,8,35.9550961183136,44.5383711951032
45,1,9,56.3949749089389,56.3949749089389
45,2,9,56.3949749089389,56.3949749089389
45,3,9,56.3949749089389,66.2053052323786
45,4,9,56.3949749089389,67.3611366027351
45,5,9,56.3949749089389,67.3611366027351
45,6,9,56.3949749089389,77.2470990097026
45,7,9,56.3949749089389,56.7050112114358
45,8,9,56.3949749089389,56.7050112114358
45,9,9,56.3949749089389,56.7050112114358
45,10,9,56.3949749089389,56.7050112114358
45,1,10,66.7567716251673,66.7567716251673
45,2,10,66.7567716251673,66.7567716251673
45,3,10,66.7567716251673,66.7567716251673
45,4,10,66.7567716251673,66.7567716251673
45,5,10,66.7567716251673,66.7567716251673
45,6,10,66.7567716251673,66.7567716251673
45,7,10,66.7567716251673,68.105427581862
45,8,10,66.7567716251673,68.105427581862
45,9,10,66.7567716251673,68.105427581862
45,10,10,66.7567716251673,68.105427581862
45,1,11,29.7247817298865,29.7247817298865
45,2,11,29.7247817298865,29.7247817298865
45,3,11,29.7247817298865,29.7247817298865
45,4,11,29.7247817298865,32.4705714998184
45,5,11,29.7247817298865,35.4253372846686
45,6,11,29.7247817298865,47.9575907330966
45,7,11,29.7247817298865,63.3474462934814
45,8,11,29.7247817298865,85.6572822115979
45,9,11,29.7247817298865,52.9934230119478
45,10,11,29.7247817298865,49.6194703591412
45,1,12,36.4297570846635,36.4297570846635
45,2,12,36.4297570846635,36.4297570846635
45,3,12,36.4297570846635,41.9696120244822
45,4,12,36.4297570846635,41.5579607150046
45,5,12,36.4297570846635,41.9696120244822
45,6,12,36.4297570846635,36.4297570846635
45,7,12,36.4297570846635,41.5579607150046
45,8,12,36.4297570846635,48.4721298940563
45,9,12,36.4297570846635,38.046122211753
45,10,12,36.4297570846635,44.3283823842799
45,1,13,43.5534946189973,43.5534946189973
45,2,13,43.5534946189973,43.5534946189973
45,3,13,43.5534946189973,49.1325540396389
45,4,13,43.5534946189973,43.7827215613919
45,5,13,43.5534946189973,43.7827215613919
45,6,13,43.5534946189973,43.6317436855849
45,7,13,43.5534946189973,47.9196459479603
45,8,13,43.5534946189973,56.0950521819256
45,9,13,43.5534946189973,56.0950521819256
45,10,13,43.5534946189973,44.5271227536394
45,1,14,46.7110078452751,46.7110078452751
45,2,14,46.7110078452751,65.2457346743047
45,3,14,46.7110078452751,46.7110078452752
45,4,14,46.7110078452751,59.7764526765105
45,5,14,46.7110078452751,59.7764526765105
45,6,14,46.7110078452751,59.0236220471962
45,7,14,46.7110078452751,46.7110078452752
45,8,14,46.7110078452751,71.0431782058283
45,9,14,46.7110078452751,71.0431782058283
45,10,14,46.7110078452751,64.2115430256952
45,1,15,32.0248959407515,32.0248959407515
45,2,15,32.0248959407515,32.0248959407515
45,3,15,32.0248959407515,34.7619608923958
45,4,15,32.0248959407515,32.0248959407515
45,5,15,32.0248959407515,34.7619608923959
45,6,15,32.0248959407515,32.0248959407515
45,7,15,32.0248959407515,33.843623467783
45,8,15,32.0248959407515,33.843623467783
45,9,15,32.0248959407515,33.843623467783
45,10,15,32.0248959407515,37.3293140818934
45,1,16,44.4484607601543,44.4484607601543
45,2,16,44.4484607601543,44.4484607601543
45,3,16,44.4484607601543,44.4484607601543
45,4,16,44.4484607601543,44.4484607601543
45,5,16,44.4484607601543,45.7279844655438
45,6,16,44.4484607601543,44.4484607601543
45,7,16,44.4484607601543,44.4484607601543
45,8,16,44.4484607601543,65.4356111598317
45,9,16,44.4484607601543,44.8717031878367
45,10,16,44.4484607601543,45.7279844655438
45,1,17,58.9937129111879,58.9937129111879
45,2,17,58.9937129111879,75.6822411433562
45,3,17,58.9937129111879,75.6822411433562
45,4,17,58.9937129111879,75.6822411433562
45,5,17,58.9937129111879,68.8774832610629
45,6,17,58.9937129111879,68.8774832610629
45,7,17,58.9937129111879,75.6822411433562
45,8,17,58.9937129111879,75.6822411433562
45,9,17,58.9937129111879,80.372866593419
45,10,17,58.9937129111879,75.6822411433562
45,1,18,35.9913093680851,35.9913093680851
45,2,18,35.9913093680851,35.9913093680851
45,3,18,35.9913093680851,68.8542044134678
45,4,18,35.9913093680851,45.5170970800815
45,5,18,35.9913093680851,48.8086482873953
45,6,18,35.9913093680851,67.4459403025504
45,7,18,35.9913093680851,66.4912049912967
45,8,18,35.9913093680851,62.3185391355829
45,9,18,35.9913093680851,65.201203520321
45,10,18,35.9913093680851,67.4459403025504
45,1,19,34.0728116259242,34.0728116259242
45,2,19,34.0728116259242,34.0728116259242
45,3,19,34.0728116259242,50.355909071021
45,4,19,34.0728116259242,34.0728116259242
45,5,19,34.0728116259242,34.0728116259242
45,6,19,34.0728116259242,50.355909071021
45,7,19,34.0728116259242,41.3246798765626
45,8,19,34.0728116259242,34.0728116259242
45,9,19,34.0728116259242,41.3246798765626
45,10,19,34.0728116259242,34.0728116259242
50,1,0,47.3326694801025,47.3326694801025
50,2,0,47.3326694801025,47.3326694801025
50,3,0,47.3326694801025,51.0221808127278
50,4,0,47.3326694801025,47.3326694801025
50,5,0,47.3326694801025,47.3326694801025
50,6,0,47.3326694801025,51.0221808127278
50,7,0,47.3326694801025,51.8524013555474
50,8,0,47.3326694801025,51.8524013555474
50,9,0,47.3326694801025,51.8524013555474
50,10,0,47.3326694801025,51.9686392549564
50,1,1,27.4961654608377,27.4961654608377
50,2,1,27.4961654608377,27.4961654608377
50,3,1,27.4961654608377,27.4961654608377
50,4,1,27.4961654608377,60.173683827432
50,5,1,27.4961654608377,50.843221391328
50,6,1,27.4961654608377,60.173683827432
50,7,1,27.4961654608377,60.173683827432
50,8,1,27.4961654608377,58.888077312329
50,9,1,27.4961654608377,61.9537133806798
50,10,1,27.4961654608377,51.0807838353954
50,1,2,56.1392118448793,56.1392118448793
50,2,2,56.1392118448793,56.1392118448793
50,3,2,56.1392118448793,58.5712506813794
50,4,2,56.1392118448793,56.1392118448793
50,5,2,56.1392118448793,58.5712506813794
50,6,2,56.1392118448793,56.1392118448793
50,7,2,56.1392118448793,56.1392118448793
50,8,2,56.1392118448793,56.1392118448793
50,9,2,56.1392118448793,58.5712506813794
50,10,2,56.1392118448793,57.3272800439198
50,1,3,50.3599187776573,50.3599187776573
50,2,3,50.3599187776573,50.3599187776573
50,3,3,50.3599187776573,50.3599187776573
50,4,3,50.3599187776573,53.3092740445754
50,5,3,50.3599187776573,51.5286130011857
50,6,3,50.3599187776573,53.6323584452345
50,7,3,50.3599187776573,55.8650880652295
50,8,3,50.3599187776573,51.5286130011857
50,9,3,50.3599187776573,51.5286130011857
50,10,3,50.3599187776573,53.3548561454708
50,1,4,28.6034932981631,28.6034932981631
50,2,4,28.6034932981631,28.6034932981631
50,3,4,28.6034932981631,37.4818115842061
50,4,4,28.6034932981631,41.2317719151926
50,5,4,28.6034932981631,37.3974444179369
50,6,4,28.6034932981631,65.7275703627542
50,7,4,28.6034932981631,34.4916952567291
50,8,4,28.6034932981631,43.0564925354188
50,9,4,28.6034932981631,48.9857951404542
50,10,4,28.6034932981631,38.4552952346565
50,1,5,45.9428057086777,45.9428057086777
50,2,5,45.9428057086777,45.9428057086777
50,3,5,45.9428057086777,56.9146152677051
50,4,5,45.9428057086777,66.5883078574386
50,5,5,45.9428057086777,66.5883078574386
50,6,5,45.9428057086777,70.6537863192889
50,7,5,45.9428057086777,66.5883078574386
50,8,5,45.9428057086777,70.6537863192889
50,9,5,45.9428057086777,70.6537863192889
50,10,5,45.9428057086777,70.6537863192889
50,1,6,39.8650401181233,39.8650401181233
50,2,6,39.8650401181233,39.8650401181233
50,3,6,39.8650401181233,52.0420936702001
50,4,6,39.8650401181233,41.3418714792995
50,5,6,39.8650401181233,50.0077316193602
50,6,6,39.8650401181233,54.0143354842192
50,7,6,39.8650401181233,46.9682796739337
50,8,6,39.8650401181233,46.9682796739338
50,9,6,39.8650401181233,46.9682796739338
50,10,6,39.8650401181233,46.9682796739338
50,1,7,48.5660669918504,48.5660669918504
50,2,7,48.5660669918504,53.4006782104804
50,3,7,48.5660669918504,50.2718859242939
50,4,7,48.5660669918504,62.6445849002487
50,5,7,48.5660669918504,56.5696013639212
50,6,7,48.5660669918504,49.2347355522362
50,7,7,48.5660669918504,62.2799260898228
50,8,7,48.5660669918504,52.3226775945364
50,9,7,48.5660669918504,52.3226775945364
50,10,7,48.5660669918504,62.2799260898228
50,1,8,62.4871724444607,62.4871724444607
50,2,8,62.4871724444607,62.4871724444607
50,3,8,62.4871724444607,62.4871724444607
50,4,8,62.4871724444607,62.4871724444607
50,5,8,62.4871724444607,62.4871724444607
50,6,8,62.4871724444607,62.4871724444607
50,7,8,62.4871724444607,62.4871724444607
50,8,8,62.4871724444607,62.4871724444607
50,9,8,62.4871724444607,62.4871724444607
50,10,8,62.4871724444607,62.4871724444607
50,1,9,41.9073073859003,41.9073073859003
50,2,9,41.9073073859003,41.9073073859003
50,3,9,41.9073073859003,41.9073073859003
50,4,9,41.9073073859003,42.2890335425072
50,5,9,41.9073073859003,42.2890335425072
50,6,9,41.9073073859003,42.2890335425072
50,7,9,41.9073073859003,42.2890335425072
50,8,9,41.9073073859003,42.2890335425072
50,9,9,41.9073073859003,46.2949070780957
50,10,9,41.9073073859003,55.8113337545642
50,1,10,28.0886698380694,28.0886698380694
50,2,10,28.0886698380694,28.0886698380694
50,3,10,28.0886698380694,28.0886698380694
50,4,10,28.0886698380694,63.0538170491908
50,5,10,28.0886698380694,42.2970361337206
50,6,10,28.0886698380694,35.785523325652
50,7,10,28.0886698380694,69.0949372511329
50,8,10,28.0886698380694,69.0949372511329
50,9,10,28.0886698380694,63.0719983818641
50,10,10,28.0886698380694,48.7211797637412
50,1,11,60.6641314932628,60.6641314932628
50,2,11,60.6641314932628,60.6641314932628
50,3,11,60.6641314932628,66.3052832256563
50,4,11,60.6641314932628,60.6641314932628
50,5,11,60.6641314932628,60.6641314932628
50,6,11,60.6641314932628,60.6641314932628
50,7,11,60.6641314932628,60.6641314932628
50,8,11,60.6641314932628,60.6641314932628
50,9,11,60.6641314932628,60.6641314932628
50,10,11,60.6641314932628,60.6641314932628
50,1,12,41.129996047958,41.129996047958
50,2,12,41.129996047958,41.129996047958
50,3,12,41.129996047958,44.848798508869
50,4,12,41.129996047958,44.848798508869
50,5,12,41.129996047958,53.2289650888272
50,6,12,41.129996047958,53.2289650888272
50,7,12,41.129996047958,43.0225312350939
50,8,12,41.129996047958,48.0889195637505
50,9,12,41.129996047958,43.1097276979926
50,10,12,41.129996047958,43.1097276979926
50,1,13,54.7802298455728,54.7802298455728
50,2,13,54.7802298455728,54.7802298455728
50,3,13,54.7802298455728,54.7802298455728
50,4,13,54.7802298455728,58.0900182869903
50,5,13,54.7802298455728,62.1176128139509
50,6,13,54.7802298455728,72.4074113220485
50,7,13,54.7802298455728,55.9721659727659
50,8,13,54.7802298455728,55.9721659727659
50,9,13,54.7802298455728,55.9721659727659
50,10,13,54.7802298455728,55.9721659727659
50,1,14,25.3405712347866,25.3405712347866
50,2,14,25.3405712347866,42.9357749929971
50,3,14,25.3405712347866,48.1106543447377
50,4,14,25.3405712347866,48.1106543447377
50,5,14,25.3405712347866,48.1106543447377
50,6,14,25.3405712347866,48.1106543447377
50,7,14,25.3405712347866,48.1106543447377
50,8,14,25.3405712347866,48.1106543447377
50,9,14,25.3405712347866,40.9169039972966
50,10,14,25.3405712347866,40.9169039972966
50,1,15,21.4017011535311,21.4017011535311
50,2,15,21.4017011535311,21.4017011535311
50,3,15,21.4017011535311,42.3448499372117
50,4,15,21.4017011535311,37.0741301137341
50,5,15,21.4017011535311,25.0744731406549
50,6,15,21.4017011535311,43.978983974849
50,7,15,21.4017011535311,43.978983974849
50,8,15,21.4017011535311,48.0175117053136
50,9,15,21.4017011535311,46.4613341932564
50,10,15,21.4017011535311,50.4928512928781
50,1,16,48.7176829286884,48.7176829286884
50,2,16,48.7176829286884,48.7176829286884
50,3,16,48.7176829286884,52.0478685791866
50,4,16,48.7176829286884,51.8468028081864
50,5,16,48.7176829286884,48.7176829286884
50,6,16,48.7176829286884,52.8259009356576
50,7,16,48.7176829286884,52.8259009356576
50,8,16,48.7176829286884,52.8259009356576
50,9,16,48.7176829286884,52.8259009356576
50,10,16,48.7176829286884,64.9848085139295
50,1,17,58.8885517107422,58.8885517107422
50,2,17,58.8885517107422,58.8885517107422
50,3,17,58.8885517107422,58.8885517107422
50,4,17,58.8885517107422,58.8885517107422
50,5,17,58.8885517107422,61.5770969705218
50,6,17,58.8885517107422,60.6472348008953
50,7,17,58.8885517107422,60.6472348008953
50,8,17,58.8885517107422,60.6472348008953
50,9,17,58.8885517107422,61.5770969705218
50,10,17,58.8885517107422,67.6053971929684
50,1,18,31.3034403790418,31.3034403790418
50,2,18,31.3034403790418,57.3300174543013
50,3,18,31.3034403790418,55.9988043572878
50,4,18,31.3034403790418,49.3119416212866
50,5,18,31.3034403790418,49.012796781066
50,6,18,31.3034403790418,49.3119416212866
50,7,18,31.3034403790418,50.9979268844718
50,8,18,31.3034403790418,52.7689710952826
50,9,18,31.3034403790418,52.7689710952826
50,10,18,31.3034403790418,63.1004025595015
50,1,19,20.5681466840592,20.5681466840592
50,2,19,20.5681466840592,20.5681466840592
50,3,19,20.5681466840592,20.5681466840592
50,4,19,20.5681466840592,34.4597290819108
50,5,19,20.5681466840592,35.1743845032929
50,6,19,20.5681466840592,59.4291096004407
50,7,19,20.5681466840592,56.1478069612924
50,8,19,20.5681466840592,59.9083208848173
50,9,19,20.5681466840592,47.891092337177
50,10,19,20.5681466840592,59.9083208848173
